Financial_ID,Project_ID,Fiscal_Year,Fiscal_Month,Budget_INR,Forecast_INR,Actual_Spend_INR,Capital_Expense_INR,Operational_Expense_INR,Planned_Revenue_INR,Actual_Revenue_INR,Variance_INR,Cost_Status,Finance_Manager
FIN0001,PRJ001,2026,Jan,70700000,6379927,4748657,2849194,1899462,7659166,6261332,1631270,Over,V Mehta
FIN0002,PRJ001,2026,Feb,70700000,6340990,6597393,3958435,2638957,7659166,6670086,-256403,On Budget,P Gupta
FIN0003,PRJ001,2026,Mar,70700000,6394680,5294289,3176573,2117715,7659166,6755930,1100391,Over,M Patel
FIN0004,PRJ001,2026,Apr,70700000,6115276,5011034,3006620,2004413,7659166,7089202,1104242,Under,P Gupta
FIN0005,PRJ001,2026,May,70700000,5563273,5741115,3444669,2296446,7659166,8792891,-177842,Over,S Verma
FIN0006,PRJ001,2026,Jun,70700000,5498193,7014520,4208712,2805808,7659166,7810312,-1516327,Under,S Verma
FIN0007,PRJ001,2026,Jul,70700000,5705473,6947273,4168363,2778909,7659166,6461763,-1241800,Under,S Verma
FIN0008,PRJ001,2026,Aug,70700000,5621073,4874871,2924922,1949948,7659166,7073050,746202,Under,S Verma
FIN0009,PRJ001,2026,Sep,70700000,5533808,6206482,3723889,2482592,7659166,8375758,-672674,On Budget,N Kumar
FIN0010,PRJ001,2026,Oct,70700000,6039943,5008903,3005341,2003561,7659166,7644758,1031040,Over,V Mehta
FIN0011,PRJ001,2026,Nov,70700000,5863001,6440850,3864510,2576340,7659166,6535231,-577849,Under,M Patel
FIN0012,PRJ001,2026,Dec,70700000,5603903,5941409,3564845,2376563,7659166,6122013,-337506,Over,S Verma
FIN0013,PRJ002,2026,Jan,20700000,1655533,1765020,1059012,706008,2242500,2366609,-109487,Over,N Kumar
FIN0014,PRJ002,2026,Feb,20700000,1894096,1891903,1135141,756761,2242500,2507957,2193,On Budget,S Verma
FIN0015,PRJ002,2026,Mar,20700000,1717024,2007177,1204306,802870,2242500,2324733,-290153,Over,V Mehta
FIN0016,PRJ002,2026,Apr,20700000,1758930,2020595,1212357,808238,2242500,2358454,-261665,On Budget,K Rao
FIN0017,PRJ002,2026,May,20700000,1841286,2003500,1202100,801400,2242500,1757747,-162214,On Budget,N Kumar
FIN0018,PRJ002,2026,Jun,20700000,1752062,1563562,938137,625424,2242500,1993094,188500,Over,A Sharma
FIN0019,PRJ002,2026,Jul,20700000,1801987,1781860,1069116,712744,2242500,2417430,20127,Under,V Mehta
FIN0020,PRJ002,2026,Aug,20700000,1794642,1806990,1084194,722796,2242500,1744815,-12348,Under,A Sharma
FIN0021,PRJ002,2026,Sep,20700000,1667217,1695269,1017161,678107,2242500,2425574,-28052,Over,P Gupta
FIN0022,PRJ002,2026,Oct,20700000,1796597,1976832,1186099,790732,2242500,1749770,-180235,Over,K Rao
FIN0023,PRJ002,2026,Nov,20700000,1640223,1523875,914325,609550,2242500,1874751,116348,On Budget,P Gupta
FIN0024,PRJ002,2026,Dec,20700000,1678004,1398906,839343,559562,2242500,2524500,279098,Under,V Mehta
FIN0025,PRJ003,2026,Jan,188300000,17201523,18734335,11240601,7493734,20399166,21355023,-1532812,On Budget,M Patel
FIN0026,PRJ003,2026,Feb,188300000,14846995,16733088,10039852,6693235,20399166,19780734,-1886093,Over,V Mehta
FIN0027,PRJ003,2026,Mar,188300000,17045671,17234840,10340904,6893936,20399166,19824209,-189169,Under,K Rao
FIN0028,PRJ003,2026,Apr,188300000,15873614,14544790,8726874,5817916,20399166,23426900,1328824,Over,K Rao
FIN0029,PRJ003,2026,May,188300000,14800008,17366453,10419871,6946581,20399166,22185730,-2566445,Under,R Singh
FIN0030,PRJ003,2026,Jun,188300000,15869399,15571260,9342756,6228504,20399166,19663430,298139,Under,S Verma
FIN0031,PRJ003,2026,Jul,188300000,15360928,15562757,9337654,6225102,20399166,21891269,-201829,On Budget,P Gupta
FIN0032,PRJ003,2026,Aug,188300000,15028944,17292499,10375499,6916999,20399166,19372505,-2263555,Over,M Patel
FIN0033,PRJ003,2026,Sep,188300000,17039838,15596030,9357618,6238412,20399166,19691053,1443808,Over,N Kumar
FIN0034,PRJ003,2026,Oct,188300000,14474120,16185784,9711470,6474313,20399166,17538621,-1711664,Under,V Mehta
FIN0035,PRJ003,2026,Nov,188300000,16661449,15498380,9299028,6199352,20399166,17363063,1163069,Under,V Mehta
FIN0036,PRJ003,2026,Dec,188300000,17260552,15776998,9466198,6310799,20399166,17935523,1483554,Over,S Verma
FIN0037,PRJ004,2026,Jan,217900000,19749651,19621421,11772852,7848568,23605833,21949396,128230,Over,V Mehta
FIN0038,PRJ004,2026,Feb,217900000,17632578,21148750,12689250,8459500,23605833,26329247,-3516172,Under,P Gupta
FIN0039,PRJ004,2026,Mar,217900000,16479240,20288549,12173129,8115419,23605833,25015054,-3809309,Over,N Kumar
FIN0040,PRJ004,2026,Apr,217900000,17598424,21276531,12765918,8510612,23605833,26861511,-3678107,Under,V Mehta
FIN0041,PRJ004,2026,May,217900000,17992812,20708877,12425326,8283550,23605833,18645873,-2716065,Over,V Mehta
FIN0042,PRJ004,2026,Jun,217900000,19522007,18447901,11068740,7379160,23605833,23130597,1074106,Over,K Rao
FIN0043,PRJ004,2026,Jul,217900000,19666459,15015848,9009508,6006339,23605833,26921848,4650611,Under,K Rao
FIN0044,PRJ004,2026,Aug,217900000,16426109,15456027,9273616,6182410,23605833,21154061,970082,On Budget,K Rao
FIN0045,PRJ004,2026,Sep,217900000,16823435,16910541,10146324,6764216,23605833,22211780,-87106,Under,V Mehta
FIN0046,PRJ004,2026,Oct,217900000,19299472,15096900,9058140,6038760,23605833,20494582,4202572,Under,S Verma
FIN0047,PRJ004,2026,Nov,217900000,17132814,20979830,12587898,8391932,23605833,25020934,-3847016,Under,V Mehta
FIN0048,PRJ004,2026,Dec,217900000,19476240,17274291,10364574,6909716,23605833,25170300,2201949,Over,N Kumar
FIN0049,PRJ005,2026,Jan,237400000,20878557,17146694,10288016,6858677,25718333,24550026,3731863,Over,A Sharma
FIN0050,PRJ005,2026,Feb,237400000,20721807,21733825,13040295,8693530,25718333,25096583,-1012018,On Budget,R Singh
FIN0051,PRJ005,2026,Mar,237400000,18525430,19711307,11826784,7884522,25718333,24112827,-1185877,Under,S Verma
FIN0052,PRJ005,2026,Apr,237400000,19334960,16556937,9934162,6622774,25718333,29492011,2778023,On Budget,R Singh
FIN0053,PRJ005,2026,May,237400000,17969602,21704180,13022508,8681672,25718333,24433906,-3734578,Under,S Verma
FIN0054,PRJ005,2026,Jun,237400000,20184372,19971587,11982952,7988634,25718333,19888534,212785,Over,P Gupta
FIN0055,PRJ005,2026,Jul,237400000,18394665,16677187,10006312,6670874,25718333,22743498,1717478,Over,M Patel
FIN0056,PRJ005,2026,Aug,237400000,19415059,19758920,11855352,7903568,25718333,22892056,-343861,On Budget,V Mehta
FIN0057,PRJ005,2026,Sep,237400000,20379245,17272427,10363456,6908970,25718333,28690950,3106818,Under,S Verma
FIN0058,PRJ005,2026,Oct,237400000,20516265,22926501,13755900,9170600,25718333,29594531,-2410236,Over,A Sharma
FIN0059,PRJ005,2026,Nov,237400000,18271102,16272064,9763238,6508825,25718333,21686661,1999038,Under,S Verma
FIN0060,PRJ005,2026,Dec,237400000,21262432,19212579,11527547,7685031,25718333,22456910,2049853,Over,P Gupta
FIN0061,PRJ006,2026,Jan,223600000,19811061,19529859,11717915,7811943,24223333,24491711,281202,On Budget,P Gupta
FIN0062,PRJ006,2026,Feb,223600000,17521563,19528526,11717115,7811410,24223333,24204844,-2006963,Under,M Patel
FIN0063,PRJ006,2026,Mar,223600000,19123875,21464242,12878545,8585696,24223333,23343006,-2340367,On Budget,A Sharma
FIN0064,PRJ006,2026,Apr,223600000,19698270,19872244,11923346,7948897,24223333,19225311,-173974,On Budget,N Kumar
FIN0065,PRJ006,2026,May,223600000,19186158,22249668,13349800,8899867,24223333,23808231,-3063510,Over,P Gupta
FIN0066,PRJ006,2026,Jun,223600000,18422951,18051783,10831069,7220713,24223333,23286588,371168,Over,N Kumar
FIN0067,PRJ006,2026,Jul,223600000,17417603,16132293,9679375,6452917,24223333,23884913,1285310,On Budget,S Verma
FIN0068,PRJ006,2026,Aug,223600000,18630335,16234747,9740848,6493898,24223333,27817240,2395588,Under,R Singh
FIN0069,PRJ006,2026,Sep,223600000,19575671,18789177,11273506,7515670,24223333,21477900,786494,On Budget,A Sharma
FIN0070,PRJ006,2026,Oct,223600000,17833987,21692581,13015548,8677032,24223333,22300955,-3858594,Under,K Rao
FIN0071,PRJ006,2026,Nov,223600000,17930098,20667400,12400440,8266960,24223333,19184587,-2737302,Over,K Rao
FIN0072,PRJ006,2026,Dec,223600000,17214579,20012544,12007526,8005017,24223333,20556370,-2797965,On Budget,M Patel
FIN0073,PRJ007,2026,Jan,91900000,8061569,6606485,3963891,2642594,9955833,9774182,1455084,Over,P Gupta
FIN0074,PRJ007,2026,Feb,91900000,7065795,8240016,4944009,3296006,9955833,7694741,-1174221,Under,N Kumar
FIN0075,PRJ007,2026,Mar,91900000,8411634,6386211,3831726,2554484,9955833,10753351,2025423,Under,A Sharma
FIN0076,PRJ007,2026,Apr,91900000,8007044,7906512,4743907,3162604,9955833,9945036,100532,Over,R Singh
FIN0077,PRJ007,2026,May,91900000,8301558,7034037,4220422,2813614,9955833,10833670,1267521,On Budget,M Patel
FIN0078,PRJ007,2026,Jun,91900000,7463576,9018519,5411111,3607407,9955833,9553213,-1554943,Under,R Singh
FIN0079,PRJ007,2026,Jul,91900000,8126688,6255393,3753235,2502157,9955833,11448837,1871295,Under,M Patel
FIN0080,PRJ007,2026,Aug,91900000,7625634,6738566,4043139,2695426,9955833,9224949,887068,Under,P Gupta
FIN0081,PRJ007,2026,Sep,91900000,8284790,8106545,4863927,3242618,9955833,10399122,178245,On Budget,S Verma
FIN0082,PRJ007,2026,Oct,91900000,7303475,6975294,4185176,2790117,9955833,8987722,328181,On Budget,K Rao
FIN0083,PRJ007,2026,Nov,91900000,7207136,6799400,4079640,2719760,9955833,9578628,407736,Under,V Mehta
FIN0084,PRJ007,2026,Dec,91900000,7177991,6195570,3717342,2478228,9955833,10523574,982421,Under,N Kumar
FIN0085,PRJ008,2026,Jan,57300000,4695445,4754731,2852838,1901892,6207500,5938403,-59286,On Budget,M Patel
FIN0086,PRJ008,2026,Feb,57300000,4969826,5266133,3159679,2106453,6207500,5154986,-296307,Under,V Mehta
FIN0087,PRJ008,2026,Mar,57300000,4679877,5521436,3312861,2208574,6207500,5441883,-841559,On Budget,K Rao
FIN0088,PRJ008,2026,Apr,57300000,4892486,4735217,2841130,1894086,6207500,6071983,157269,Over,V Mehta
FIN0089,PRJ008,2026,May,57300000,4583392,4692828,2815696,1877131,6207500,6738194,-109436,Over,M Patel
FIN0090,PRJ008,2026,Jun,57300000,4751686,5009947,3005968,2003978,6207500,6562997,-258261,Under,R Singh
FIN0091,PRJ008,2026,Jul,57300000,4327418,4846069,2907641,1938427,6207500,6644414,-518651,Under,N Kumar
FIN0092,PRJ008,2026,Aug,57300000,4827087,4741912,2845147,1896764,6207500,7125681,85175,Over,S Verma
FIN0093,PRJ008,2026,Sep,57300000,5241306,4910733,2946439,1964293,6207500,6174669,330573,Under,K Rao
FIN0094,PRJ008,2026,Oct,57300000,5210111,4189762,2513857,1675904,6207500,5656681,1020349,Under,A Sharma
FIN0095,PRJ008,2026,Nov,57300000,4478158,5571138,3342682,2228455,6207500,6773432,-1092980,Under,V Mehta
FIN0096,PRJ008,2026,Dec,57300000,5131243,4449441,2669664,1779776,6207500,5360691,681802,Over,P Gupta
FIN0097,PRJ009,2026,Jan,166300000,15243099,15045705,9027423,6018282,18015833,16881545,197394,Over,P Gupta
FIN0098,PRJ009,2026,Feb,166300000,13541023,12112562,7267537,4845024,18015833,17940255,1428461,On Budget,A Sharma
FIN0099,PRJ009,2026,Mar,166300000,12857532,15077344,9046406,6030937,18015833,18004152,-2219812,Over,V Mehta
FIN0100,PRJ009,2026,Apr,166300000,14188934,14145725,8487435,5658290,18015833,17503066,43209,Over,K Rao
FIN0101,PRJ009,2026,May,166300000,15216349,11811551,7086930,4724620,18015833,20697182,3404798,Under,R Singh
FIN0102,PRJ009,2026,Jun,166300000,13096562,11730185,7038111,4692074,18015833,14388419,1366377,On Budget,A Sharma
FIN0103,PRJ009,2026,Jul,166300000,15017862,14980038,8988022,5992015,18015833,20546305,37824,Over,S Verma
FIN0104,PRJ009,2026,Aug,166300000,13061282,15314750,9188850,6125900,18015833,16098402,-2253468,On Budget,N Kumar
FIN0105,PRJ009,2026,Sep,166300000,13982336,11492307,6895384,4596922,18015833,14948113,2490029,On Budget,N Kumar
FIN0106,PRJ009,2026,Oct,166300000,12956736,13033472,7820083,5213388,18015833,14777050,-76736,Under,N Kumar
FIN0107,PRJ009,2026,Nov,166300000,13851773,12117932,7270759,4847172,18015833,18832589,1733841,Over,R Singh
FIN0108,PRJ009,2026,Dec,166300000,14734220,16430712,9858427,6572284,18015833,15513775,-1696492,Over,A Sharma
FIN0109,PRJ010,2026,Jan,66000000,5922080,6590741,3954444,2636296,7150000,6604007,-668661,Over,M Patel
FIN0110,PRJ010,2026,Feb,66000000,5927679,4870358,2922214,1948143,7150000,7379277,1057321,On Budget,V Mehta
FIN0111,PRJ010,2026,Mar,66000000,5272697,4870825,2922495,1948330,7150000,6085994,401872,On Budget,A Sharma
FIN0112,PRJ010,2026,Apr,66000000,5690005,5470924,3282554,2188369,7150000,6939230,219081,On Budget,A Sharma
FIN0113,PRJ010,2026,May,66000000,5793251,4970905,2982543,1988362,7150000,5584875,822346,On Budget,N Kumar
FIN0114,PRJ010,2026,Jun,66000000,5235992,5366114,3219668,2146445,7150000,7765869,-130122,Over,S Verma
FIN0115,PRJ010,2026,Jul,66000000,5015087,5112264,3067358,2044905,7150000,7029465,-97177,Under,R Singh
FIN0116,PRJ010,2026,Aug,66000000,5199688,5957076,3574245,2382830,7150000,6518287,-757388,Over,N Kumar
FIN0117,PRJ010,2026,Sep,66000000,5884276,5256904,3154142,2102761,7150000,5598699,627372,Under,M Patel
FIN0118,PRJ010,2026,Oct,66000000,5151260,5351269,3210761,2140507,7150000,6257380,-200009,Under,N Kumar
FIN0119,PRJ010,2026,Nov,66000000,5239146,5960260,3576156,2384104,7150000,6060116,-721114,On Budget,N Kumar
FIN0120,PRJ010,2026,Dec,66000000,5604663,6337755,3802653,2535102,7150000,7630423,-733092,On Budget,N Kumar
FIN0121,PRJ011,2026,Jan,84200000,6720363,7911718,4747030,3164687,9121666,8519395,-1191355,Under,V Mehta
FIN0122,PRJ011,2026,Feb,84200000,6328958,6123699,3674219,2449479,9121666,7797064,205259,On Budget,K Rao
FIN0123,PRJ011,2026,Mar,84200000,6668952,8008592,4805155,3203436,9121666,7058151,-1339640,On Budget,R Singh
FIN0124,PRJ011,2026,Apr,84200000,6889724,8325737,4995442,3330294,9121666,7537362,-1436013,Under,N Kumar
FIN0125,PRJ011,2026,May,84200000,7311068,6954242,4172545,2781696,9121666,9257311,356826,On Budget,S Verma
FIN0126,PRJ011,2026,Jun,84200000,7251966,7640179,4584107,3056071,9121666,8315215,-388213,Over,S Verma
FIN0127,PRJ011,2026,Jul,84200000,7391372,5714683,3428809,2285873,9121666,7320801,1676689,On Budget,P Gupta
FIN0128,PRJ011,2026,Aug,84200000,7624385,6649993,3989995,2659997,9121666,10498229,974392,Under,N Kumar
FIN0129,PRJ011,2026,Sep,84200000,6614452,7733585,4640151,3093434,9121666,7032481,-1119133,Under,R Singh
FIN0130,PRJ011,2026,Oct,84200000,7003504,7245999,4347599,2898399,9121666,8937292,-242495,Under,M Patel
FIN0131,PRJ011,2026,Nov,84200000,6815912,6588960,3953376,2635584,9121666,7498068,226952,Over,M Patel
FIN0132,PRJ011,2026,Dec,84200000,6662190,7455745,4473447,2982298,9121666,10471904,-793555,Under,P Gupta
FIN0133,PRJ012,2026,Jan,249400000,22741165,17965799,10779479,7186319,27018333,24839673,4775366,Over,K Rao
FIN0134,PRJ012,2026,Feb,249400000,20099330,20480183,12288109,8192073,27018333,29395353,-380853,On Budget,A Sharma
FIN0135,PRJ012,2026,Mar,249400000,19623473,22304619,13382771,8921847,27018333,28784110,-2681146,Over,M Patel
FIN0136,PRJ012,2026,Apr,249400000,22027089,19285158,11571094,7714063,27018333,25812738,2741931,Under,A Sharma
FIN0137,PRJ012,2026,May,249400000,18751423,23207107,13924264,9282842,27018333,29053956,-4455684,Under,V Mehta
FIN0138,PRJ012,2026,Jun,249400000,21558366,20990933,12594559,8396373,27018333,25471508,567433,On Budget,P Gupta
FIN0139,PRJ012,2026,Jul,249400000,21082244,22070948,13242568,8828379,27018333,27476865,-988704,Over,A Sharma
FIN0140,PRJ012,2026,Aug,249400000,22445896,17081579,10248947,6832631,27018333,30458144,5364317,Over,P Gupta
FIN0141,PRJ012,2026,Sep,249400000,18867205,16722459,10033475,6688983,27018333,26036302,2144746,Over,A Sharma
FIN0142,PRJ012,2026,Oct,249400000,19622692,23036900,13822140,9214760,27018333,31037027,-3414208,On Budget,A Sharma
FIN0143,PRJ012,2026,Nov,249400000,22736807,22985525,13791315,9194210,27018333,30042700,-248718,Over,V Mehta
FIN0144,PRJ012,2026,Dec,249400000,22685929,24083086,14449851,9633234,27018333,26119363,-1397157,Under,A Sharma
FIN0145,PRJ013,2026,Jan,197700000,16855317,17412282,10447369,6964912,21417500,24434481,-556965,On Budget,A Sharma
FIN0146,PRJ013,2026,Feb,197700000,17247905,18651045,11190627,7460418,21417500,24696314,-1403140,On Budget,P Gupta
FIN0147,PRJ013,2026,Mar,197700000,16740441,15991580,9594948,6396632,21417500,23341922,748861,Over,A Sharma
FIN0148,PRJ013,2026,Apr,197700000,15866561,14444919,8666951,5777967,21417500,21207745,1421642,Over,K Rao
FIN0149,PRJ013,2026,May,197700000,15434536,18534385,11120631,7413754,21417500,19453300,-3099849,Under,R Singh
FIN0150,PRJ013,2026,Jun,197700000,16361381,14029340,8417604,5611736,21417500,20861408,2332041,On Budget,N Kumar
FIN0151,PRJ013,2026,Jul,197700000,17251269,17938204,10762922,7175281,21417500,18882945,-686935,On Budget,N Kumar
FIN0152,PRJ013,2026,Aug,197700000,16403636,19545671,11727402,7818268,21417500,20256077,-3142035,On Budget,V Mehta
FIN0153,PRJ013,2026,Sep,197700000,14927202,14914837,8948902,5965934,21417500,23140592,12365,On Budget,N Kumar
FIN0154,PRJ013,2026,Oct,197700000,16621512,13410274,8046164,5364109,21417500,20752902,3211238,Under,K Rao
FIN0155,PRJ013,2026,Nov,197700000,17786304,14486768,8692060,5794707,21417500,23707439,3299536,On Budget,S Verma
FIN0156,PRJ013,2026,Dec,197700000,17382079,17914384,10748630,7165753,21417500,22134721,-532305,Over,N Kumar
FIN0157,PRJ014,2026,Jan,141200000,11766518,11740758,7044454,4696303,15296666,15636539,25760,Under,R Singh
FIN0158,PRJ014,2026,Feb,141200000,12299086,12540518,7524310,5016207,15296666,11986044,-241432,On Budget,A Sharma
FIN0159,PRJ014,2026,Mar,141200000,11789814,11110032,6666019,4444012,15296666,11991973,679782,Under,S Verma
FIN0160,PRJ014,2026,Apr,141200000,10756130,13683798,8210278,5473519,15296666,16405912,-2927668,Over,M Patel
FIN0161,PRJ014,2026,May,141200000,12675379,10386266,6231759,4154506,15296666,15529526,2289113,Over,V Mehta
FIN0162,PRJ014,2026,Jun,141200000,10891174,10972286,6583371,4388914,15296666,16727685,-81112,Over,R Singh
FIN0163,PRJ014,2026,Jul,141200000,12496682,10543688,6326212,4217475,15296666,13224311,1952994,On Budget,S Verma
FIN0164,PRJ014,2026,Aug,141200000,11150110,13329412,7997647,5331764,15296666,16420245,-2179302,Over,M Patel
FIN0165,PRJ014,2026,Sep,141200000,12532052,10787534,6472520,4315013,15296666,12576426,1744518,On Budget,A Sharma
FIN0166,PRJ014,2026,Oct,141200000,12935786,9416053,5649631,3766421,15296666,13345248,3519733,Over,S Verma
FIN0167,PRJ014,2026,Nov,141200000,10764559,12106444,7263866,4842577,15296666,17001774,-1341885,Over,R Singh
FIN0168,PRJ014,2026,Dec,141200000,12533393,12517634,7510580,5007053,15296666,11950343,15759,Over,P Gupta
FIN0169,PRJ015,2026,Jan,236600000,21457151,23396483,14037889,9358593,25631666,20164295,-1939332,Under,M Patel
FIN0170,PRJ015,2026,Feb,236600000,18736290,17419373,10451623,6967749,25631666,26821646,1316917,Under,S Verma
FIN0171,PRJ015,2026,Mar,236600000,21062188,17404063,10442437,6961625,25631666,20324915,3658125,Under,S Verma
FIN0172,PRJ015,2026,Apr,236600000,17810277,22979321,13787592,9191728,25631666,28208620,-5169044,Over,S Verma
FIN0173,PRJ015,2026,May,236600000,18479737,20107088,12064252,8042835,25631666,29554806,-1627351,On Budget,S Verma
FIN0174,PRJ015,2026,Jun,236600000,20476101,22142251,13285350,8856900,25631666,29372228,-1666150,Under,N Kumar
FIN0175,PRJ015,2026,Jul,236600000,21663754,18599953,11159971,7439981,25631666,28882211,3063801,On Budget,N Kumar
FIN0176,PRJ015,2026,Aug,236600000,19461445,23421055,14052633,9368422,25631666,27383818,-3959610,Over,R Singh
FIN0177,PRJ015,2026,Sep,236600000,18740317,23623945,14174367,9449578,25631666,27298118,-4883628,Over,N Kumar
FIN0178,PRJ015,2026,Oct,236600000,21097708,19497412,11698447,7798964,25631666,28083940,1600296,On Budget,N Kumar
FIN0179,PRJ015,2026,Nov,236600000,18939601,16181076,9708645,6472430,25631666,27321749,2758525,On Budget,V Mehta
FIN0180,PRJ015,2026,Dec,236600000,21010394,23650203,14190121,9460081,25631666,22231555,-2639809,Under,A Sharma
FIN0181,PRJ016,2026,Jan,126500000,10458146,12027541,7216524,4811016,13704166,14396610,-1569395,Over,S Verma
FIN0182,PRJ016,2026,Feb,126500000,9527829,12382725,7429635,4953090,13704166,11414728,-2854896,On Budget,K Rao
FIN0183,PRJ016,2026,Mar,126500000,9723407,9473420,5684052,3789368,13704166,14538309,249987,Over,R Singh
FIN0184,PRJ016,2026,Apr,126500000,11265869,8578697,5147218,3431478,13704166,14275694,2687172,Over,N Kumar
FIN0185,PRJ016,2026,May,126500000,10541709,10439442,6263665,4175776,13704166,13946365,102267,Under,P Gupta
FIN0186,PRJ016,2026,Jun,126500000,9806181,10709553,6425731,4283821,13704166,11443633,-903372,Over,K Rao
FIN0187,PRJ016,2026,Jul,126500000,11554333,8820204,5292122,3528081,13704166,13158059,2734129,Under,P Gupta
FIN0188,PRJ016,2026,Aug,126500000,10218823,10294089,6176453,4117635,13704166,15215547,-75266,Over,K Rao
FIN0189,PRJ016,2026,Sep,126500000,11381960,10435984,6261590,4174393,13704166,12819138,945976,Over,S Verma
FIN0190,PRJ016,2026,Oct,126500000,9760403,12449170,7469502,4979668,13704166,10753461,-2688767,Over,M Patel
FIN0191,PRJ016,2026,Nov,126500000,9669291,10174024,6104414,4069609,13704166,13604578,-504733,Under,R Singh
FIN0192,PRJ016,2026,Dec,126500000,11564505,8619466,5171679,3447786,13704166,14065221,2945039,Over,S Verma
FIN0193,PRJ017,2026,Jan,236300000,19954853,18868245,11320947,7547298,25599166,23500467,1086608,Under,N Kumar
FIN0194,PRJ017,2026,Feb,236300000,20498207,15798490,9479094,6319396,25599166,20807629,4699717,Over,V Mehta
FIN0195,PRJ017,2026,Mar,236300000,21365089,18476197,11085718,7390478,25599166,29352919,2888892,On Budget,N Kumar
FIN0196,PRJ017,2026,Apr,236300000,18868887,15778574,9467144,6311429,25599166,28570374,3090313,On Budget,A Sharma
FIN0197,PRJ017,2026,May,236300000,19740547,17517312,10510387,7006924,25599166,23019437,2223235,Over,N Kumar
FIN0198,PRJ017,2026,Jun,236300000,18183438,18117017,10870210,7246806,25599166,26929874,66421,On Budget,R Singh
FIN0199,PRJ017,2026,Jul,236300000,20600728,17053444,10232066,6821377,25599166,20244871,3547284,Over,M Patel
FIN0200,PRJ017,2026,Aug,236300000,20432969,23576974,14146184,9430789,25599166,23493198,-3144005,On Budget,N Kumar
FIN0201,PRJ017,2026,Sep,236300000,19174611,23188897,13913338,9275558,25599166,24941181,-4014286,Under,A Sharma
FIN0202,PRJ017,2026,Oct,236300000,20602041,22563156,13537893,9025262,25599166,24542055,-1961115,Over,M Patel
FIN0203,PRJ017,2026,Nov,236300000,20103503,19235182,11541109,7694072,25599166,25229769,868321,Under,S Verma
FIN0204,PRJ017,2026,Dec,236300000,18981626,20883299,12529979,8353319,25599166,25206532,-1901673,Under,M Patel
FIN0205,PRJ018,2026,Jan,219700000,19765356,19118530,11471118,7647412,23800833,22338881,646826,On Budget,R Singh
FIN0206,PRJ018,2026,Feb,219700000,17943760,14674612,8804767,5869844,23800833,19012080,3269148,On Budget,M Patel
FIN0207,PRJ018,2026,Mar,219700000,20072236,14822089,8893253,5928835,23800833,19686952,5250147,Under,N Kumar
FIN0208,PRJ018,2026,Apr,219700000,19345460,15580531,9348318,6232212,23800833,19324463,3764929,Over,N Kumar
FIN0209,PRJ018,2026,May,219700000,16886345,20569045,12341427,8227618,23800833,21195355,-3682700,Under,V Mehta
FIN0210,PRJ018,2026,Jun,219700000,18969850,20727707,12436624,8291082,23800833,18380327,-1757857,Under,S Verma
FIN0211,PRJ018,2026,Jul,219700000,18609192,20075131,12045078,8030052,23800833,19175576,-1465939,On Budget,S Verma
FIN0212,PRJ018,2026,Aug,219700000,19567887,21871109,13122665,8748443,23800833,24211513,-2303222,Under,N Kumar
FIN0213,PRJ018,2026,Sep,219700000,16844616,18676645,11205987,7470658,23800833,19679163,-1832029,On Budget,A Sharma
FIN0214,PRJ018,2026,Oct,219700000,16952619,17381880,10429128,6952752,23800833,27138584,-429261,Over,K Rao
FIN0215,PRJ018,2026,Nov,219700000,17503118,15781465,9468879,6312586,23800833,20194665,1721653,On Budget,K Rao
FIN0216,PRJ018,2026,Dec,219700000,17762544,15059770,9035862,6023908,23800833,25134173,2702774,Over,V Mehta
FIN0217,PRJ019,2026,Jan,42200000,3722732,4009568,2405740,1603827,4571666,3875682,-286836,Over,V Mehta
FIN0218,PRJ019,2026,Feb,42200000,3834490,2994017,1796410,1197606,4571666,3926282,840473,On Budget,N Kumar
FIN0219,PRJ019,2026,Mar,42200000,3605130,4177442,2506465,1670976,4571666,4666317,-572312,Under,K Rao
FIN0220,PRJ019,2026,Apr,42200000,3810092,4026328,2415796,1610531,4571666,3784781,-216236,Over,V Mehta
FIN0221,PRJ019,2026,May,42200000,3399830,4071655,2442993,1628662,4571666,4324339,-671825,Under,P Gupta
FIN0222,PRJ019,2026,Jun,42200000,3339902,3396410,2037846,1358564,4571666,4797440,-56508,On Budget,K Rao
FIN0223,PRJ019,2026,Jul,42200000,3325882,3393589,2036153,1357435,4571666,4594982,-67707,Under,S Verma
FIN0224,PRJ019,2026,Aug,42200000,3339115,3890014,2334008,1556005,4571666,3574295,-550899,Under,R Singh
FIN0225,PRJ019,2026,Sep,42200000,3732475,3377419,2026451,1350967,4571666,4504108,355056,On Budget,V Mehta
FIN0226,PRJ019,2026,Oct,42200000,3396663,2847637,1708582,1139054,4571666,4276672,549026,Over,S Verma
FIN0227,PRJ019,2026,Nov,42200000,3662264,3101842,1861105,1240736,4571666,4664963,560422,Over,V Mehta
FIN0228,PRJ019,2026,Dec,42200000,3763468,3214889,1928933,1285955,4571666,4659218,548579,Over,S Verma
FIN0229,PRJ020,2026,Jan,75900000,6200028,5712320,3427392,2284928,8222500,7718009,487708,Over,A Sharma
FIN0230,PRJ020,2026,Feb,75900000,6863491,5112728,3067636,2045091,8222500,6988905,1750763,Over,P Gupta
FIN0231,PRJ020,2026,Mar,75900000,6793615,5955620,3573372,2382248,8222500,8735199,837995,Over,K Rao
FIN0232,PRJ020,2026,Apr,75900000,5888242,5974424,3584654,2389769,8222500,6447167,-86182,Under,M Patel
FIN0233,PRJ020,2026,May,75900000,6231864,5486324,3291794,2194529,8222500,7444814,745540,On Budget,K Rao
FIN0234,PRJ020,2026,Jun,75900000,6217905,6953008,4171804,2781203,8222500,7565580,-735103,Under,N Kumar
FIN0235,PRJ020,2026,Jul,75900000,6522749,5409773,3245863,2163909,8222500,8527869,1112976,Over,P Gupta
FIN0236,PRJ020,2026,Aug,75900000,6792230,6104165,3662499,2441666,8222500,6519470,688065,Under,R Singh
FIN0237,PRJ020,2026,Sep,75900000,6619226,6785838,4071502,2714335,8222500,9143870,-166612,Under,N Kumar
FIN0238,PRJ020,2026,Oct,75900000,6243572,7101948,4261168,2840779,8222500,9242154,-858376,Over,V Mehta
FIN0239,PRJ020,2026,Nov,75900000,5821171,7416034,4449620,2966413,8222500,8360157,-1594863,On Budget,M Patel
FIN0240,PRJ020,2026,Dec,75900000,5695755,6596488,3957892,2638595,8222500,8848970,-900733,Over,S Verma
FIN0241,PRJ021,2026,Jan,137600000,12540854,12848799,7709279,5139519,14906666,13215733,-307945,Under,A Sharma
FIN0242,PRJ021,2026,Feb,137600000,12408912,10517853,6310711,4207141,14906666,12063297,1891059,Under,S Verma
FIN0243,PRJ021,2026,Mar,137600000,11823194,12188305,7312983,4875322,14906666,16622653,-365111,Under,K Rao
FIN0244,PRJ021,2026,Apr,137600000,12252413,13592409,8155445,5436963,14906666,13575109,-1339996,Over,P Gupta
FIN0245,PRJ021,2026,May,137600000,10453322,12348751,7409250,4939500,14906666,12323266,-1895429,On Budget,A Sharma
FIN0246,PRJ021,2026,Jun,137600000,11941835,10553575,6332145,4221430,14906666,14378476,1388260,Over,M Patel
FIN0247,PRJ021,2026,Jul,137600000,12513039,9673056,5803833,3869222,14906666,11971782,2839983,Under,K Rao
FIN0248,PRJ021,2026,Aug,137600000,12019124,12001539,7200923,4800615,14906666,13663978,17585,On Budget,S Verma
FIN0249,PRJ021,2026,Sep,137600000,10335442,13487278,8092366,5394911,14906666,12426571,-3151836,Over,V Mehta
FIN0250,PRJ021,2026,Oct,137600000,12042083,10304994,6182996,4121997,14906666,15948566,1737089,Over,A Sharma
FIN0251,PRJ021,2026,Nov,137600000,10536763,11717332,7030399,4686932,14906666,17109157,-1180569,On Budget,P Gupta
FIN0252,PRJ021,2026,Dec,137600000,11706309,10879461,6527676,4351784,14906666,16273142,826848,Over,A Sharma
FIN0253,PRJ022,2026,Jan,150700000,11495451,12527480,7516488,5010992,16325833,15056378,-1032029,On Budget,M Patel
FIN0254,PRJ022,2026,Feb,150700000,13097913,12281042,7368625,4912416,16325833,13865503,816871,Over,V Mehta
FIN0255,PRJ022,2026,Mar,150700000,13714615,13088126,7852875,5235250,16325833,17168888,626489,On Budget,R Singh
FIN0256,PRJ022,2026,Apr,150700000,12001051,12750500,7650300,5100200,16325833,16176075,-749449,Under,V Mehta
FIN0257,PRJ022,2026,May,150700000,12739431,14880925,8928555,5952370,16325833,18075092,-2141494,Over,P Gupta
FIN0258,PRJ022,2026,Jun,150700000,12755116,14588017,8752810,5835206,16325833,16580777,-1832901,Over,S Verma
FIN0259,PRJ022,2026,Jul,150700000,11400769,13501934,8101160,5400773,16325833,17930322,-2101165,Under,P Gupta
FIN0260,PRJ022,2026,Aug,150700000,12192838,14069738,8441842,5627895,16325833,17811868,-1876900,Under,M Patel
FIN0261,PRJ022,2026,Sep,150700000,12608743,11518550,6911130,4607420,16325833,18321164,1090193,On Budget,M Patel
FIN0262,PRJ022,2026,Oct,150700000,11791391,13470315,8082189,5388126,16325833,18176770,-1678924,On Budget,R Singh
FIN0263,PRJ022,2026,Nov,150700000,13221383,14521919,8713151,5808767,16325833,16397963,-1300536,Over,N Kumar
FIN0264,PRJ022,2026,Dec,150700000,11794941,12585070,7551042,5034028,16325833,14841827,-790129,Over,M Patel
FIN0265,PRJ023,2026,Jan,158000000,12690785,11997096,7198257,4798838,17116666,17480506,693689,On Budget,P Gupta
FIN0266,PRJ023,2026,Feb,158000000,14399604,14075826,8445495,5630330,17116666,14370838,323778,Under,M Patel
FIN0267,PRJ023,2026,Mar,158000000,14014121,12516272,7509763,5006508,17116666,19146967,1497849,Over,K Rao
FIN0268,PRJ023,2026,Apr,158000000,12922876,13581193,8148715,5432477,17116666,15323483,-658317,Over,M Patel
FIN0269,PRJ023,2026,May,158000000,13456052,11128365,6677019,4451346,17116666,14774138,2327687,Over,N Kumar
FIN0270,PRJ023,2026,Jun,158000000,13201019,10837642,6502585,4335056,17116666,15405583,2363377,On Budget,N Kumar
FIN0271,PRJ023,2026,Jul,158000000,14336322,14976819,8986091,5990727,17116666,13317149,-640497,On Budget,S Verma
FIN0272,PRJ023,2026,Aug,158000000,13918576,12687971,7612782,5075188,17116666,15139337,1230605,On Budget,S Verma
FIN0273,PRJ023,2026,Sep,158000000,12538954,12232997,7339798,4893198,17116666,13396001,305957,Under,R Singh
FIN0274,PRJ023,2026,Oct,158000000,11909901,15340220,9204132,6136088,17116666,15413893,-3430319,Under,M Patel
FIN0275,PRJ023,2026,Nov,158000000,13175384,15141768,9085060,6056707,17116666,18588494,-1966384,On Budget,P Gupta
FIN0276,PRJ023,2026,Dec,158000000,12659502,15049547,9029728,6019818,17116666,18692689,-2390045,On Budget,V Mehta
FIN0277,PRJ024,2026,Jan,15400000,1246386,1150361,690216,460144,1668333,1558409,96025,On Budget,R Singh
FIN0278,PRJ024,2026,Feb,15400000,1156472,1326987,796192,530794,1668333,1734199,-170515,Over,P Gupta
FIN0279,PRJ024,2026,Mar,15400000,1287194,1306296,783777,522518,1668333,1507030,-19102,On Budget,A Sharma
FIN0280,PRJ024,2026,Apr,15400000,1391062,1519634,911780,607853,1668333,1678497,-128572,Over,S Verma
FIN0281,PRJ024,2026,May,15400000,1232653,1043437,626062,417374,1668333,1503259,189216,On Budget,S Verma
FIN0282,PRJ024,2026,Jun,15400000,1393662,1122995,673797,449198,1668333,1892104,270667,Over,A Sharma
FIN0283,PRJ024,2026,Jul,15400000,1161587,1225497,735298,490198,1668333,1789285,-63910,Under,V Mehta
FIN0284,PRJ024,2026,Aug,15400000,1292176,1263739,758243,505495,1668333,1760879,28437,On Budget,P Gupta
FIN0285,PRJ024,2026,Sep,15400000,1312129,1469629,881777,587851,1668333,1519820,-157500,Over,R Singh
FIN0286,PRJ024,2026,Oct,15400000,1260724,1269581,761748,507832,1668333,1430615,-8857,On Budget,S Verma
FIN0287,PRJ024,2026,Nov,15400000,1242452,1318637,791182,527454,1668333,1392569,-76185,Under,A Sharma
FIN0288,PRJ024,2026,Dec,15400000,1251832,1188130,712878,475252,1668333,1360179,63702,On Budget,K Rao
FIN0289,PRJ025,2026,Jan,202300000,15548563,17139397,10283638,6855758,21915833,21170866,-1590834,Over,R Singh
FIN0290,PRJ025,2026,Feb,202300000,18544128,17396845,10438107,6958738,21915833,20983861,1147283,Under,A Sharma
FIN0291,PRJ025,2026,Mar,202300000,15878179,18589637,11153782,7435854,21915833,23161328,-2711458,Over,K Rao
FIN0292,PRJ025,2026,Apr,202300000,17815538,17890312,10734187,7156124,21915833,16914611,-74774,Over,M Patel
FIN0293,PRJ025,2026,May,202300000,16379833,14080736,8448441,5632294,21915833,20369606,2299097,Over,A Sharma
FIN0294,PRJ025,2026,Jun,202300000,15717776,13605621,8163372,5442248,21915833,23004517,2112155,Over,S Verma
FIN0295,PRJ025,2026,Jul,202300000,17175137,18943055,11365833,7577222,21915833,23321305,-1767918,On Budget,P Gupta
FIN0296,PRJ025,2026,Aug,202300000,15742874,20190739,12114443,8076295,21915833,17131995,-4447865,Over,N Kumar
FIN0297,PRJ025,2026,Sep,202300000,15580452,16196571,9717942,6478628,21915833,21198472,-616119,Over,R Singh
FIN0298,PRJ025,2026,Oct,202300000,15621610,15502165,9301299,6200866,21915833,17870939,119445,On Budget,R Singh
FIN0299,PRJ025,2026,Nov,202300000,18335709,19509944,11705966,7803977,21915833,20158193,-1174235,Over,P Gupta
FIN0300,PRJ025,2026,Dec,202300000,16569591,19139897,11483938,7655958,21915833,23024336,-2570306,On Budget,V Mehta
FIN0301,PRJ026,2026,Jan,96300000,7511122,7269454,4361672,2907781,10432500,10060343,241668,Under,K Rao
FIN0302,PRJ026,2026,Feb,96300000,8625767,6469335,3881601,2587734,10432500,10015733,2156432,On Budget,P Gupta
FIN0303,PRJ026,2026,Mar,96300000,8584169,8215833,4929499,3286333,10432500,8048380,368336,Over,V Mehta
FIN0304,PRJ026,2026,Apr,96300000,7917480,8039501,4823700,3215800,10432500,8724105,-122021,Over,K Rao
FIN0305,PRJ026,2026,May,96300000,8348112,8578146,5146887,3431258,10432500,9807293,-230034,Over,S Verma
FIN0306,PRJ026,2026,Jun,96300000,7652449,9430300,5658180,3772120,10432500,9589716,-1777851,On Budget,M Patel
FIN0307,PRJ026,2026,Jul,96300000,8403200,7070358,4242214,2828143,10432500,8035107,1332842,On Budget,A Sharma
FIN0308,PRJ026,2026,Aug,96300000,7757962,9204731,5522838,3681892,10432500,10169363,-1446769,Under,M Patel
FIN0309,PRJ026,2026,Sep,96300000,7978216,8562756,5137653,3425102,10432500,11445886,-584540,Under,K Rao
FIN0310,PRJ026,2026,Oct,96300000,7463441,8862083,5317249,3544833,10432500,11635460,-1398642,Under,A Sharma
FIN0311,PRJ026,2026,Nov,96300000,8538489,8165360,4899216,3266144,10432500,9805818,373129,Over,K Rao
FIN0312,PRJ026,2026,Dec,96300000,7257772,8323473,4994083,3329389,10432500,11733372,-1065701,Under,N Kumar
FIN0313,PRJ027,2026,Jan,175600000,13893117,12523266,7513959,5009306,19023333,21066701,1369851,Under,N Kumar
FIN0314,PRJ027,2026,Feb,175600000,14889902,13980788,8388472,5592315,19023333,15737137,909114,Under,R Singh
FIN0315,PRJ027,2026,Mar,175600000,13619669,12254605,7352763,4901842,19023333,20831682,1365064,Under,N Kumar
FIN0316,PRJ027,2026,Apr,175600000,14068702,13087882,7852729,5235152,19023333,19944929,980820,On Budget,M Patel
FIN0317,PRJ027,2026,May,175600000,13296897,16150862,9690517,6460344,19023333,17985694,-2853965,Under,M Patel
FIN0318,PRJ027,2026,Jun,175600000,13543755,15338920,9203352,6135568,19023333,20694827,-1795165,Under,V Mehta
FIN0319,PRJ027,2026,Jul,175600000,13437986,15258823,9155293,6103529,19023333,15079479,-1820837,Under,K Rao
FIN0320,PRJ027,2026,Aug,175600000,13355907,15333038,9199822,6133215,19023333,20026728,-1977131,Over,P Gupta
FIN0321,PRJ027,2026,Sep,175600000,15492202,14310011,8586006,5724004,19023333,18991260,1182191,Over,S Verma
FIN0322,PRJ027,2026,Oct,175600000,15708150,15033291,9019974,6013316,19023333,20497768,674859,Under,P Gupta
FIN0323,PRJ027,2026,Nov,175600000,14874903,14049163,8429497,5619665,19023333,21627982,825740,On Budget,M Patel
FIN0324,PRJ027,2026,Dec,175600000,14921877,14607021,8764212,5842808,19023333,14830267,314856,Under,V Mehta
FIN0325,PRJ028,2026,Jan,103700000,8475718,8766579,5259947,3506631,11234166,11585267,-290861,Over,N Kumar
FIN0326,PRJ028,2026,Feb,103700000,8535209,7348383,4409029,2939353,11234166,10287861,1186826,Under,A Sharma
FIN0327,PRJ028,2026,Mar,103700000,8921472,9906652,5943991,3962660,11234166,11660072,-985180,On Budget,V Mehta
FIN0328,PRJ028,2026,Apr,103700000,8797615,10263633,6158179,4105453,11234166,11105090,-1466018,Under,S Verma
FIN0329,PRJ028,2026,May,103700000,8790880,10317968,6190780,4127187,11234166,8697979,-1527088,Under,P Gupta
FIN0330,PRJ028,2026,Jun,103700000,9274144,7128037,4276822,2851214,11234166,9663509,2146107,On Budget,N Kumar
FIN0331,PRJ028,2026,Jul,103700000,9491276,6982179,4189307,2792871,11234166,9410944,2509097,On Budget,R Singh
FIN0332,PRJ028,2026,Aug,103700000,8704860,9313652,5588191,3725460,11234166,9829012,-608792,Over,N Kumar
FIN0333,PRJ028,2026,Sep,103700000,9259583,9090311,5454186,3636124,11234166,9117436,169272,Over,V Mehta
FIN0334,PRJ028,2026,Oct,103700000,9216329,7286024,4371614,2914409,11234166,9309630,1930305,Over,K Rao
FIN0335,PRJ028,2026,Nov,103700000,8810613,9139850,5483910,3655940,11234166,11857255,-329237,On Budget,P Gupta
FIN0336,PRJ028,2026,Dec,103700000,8313458,9218416,5531049,3687366,11234166,9413453,-904958,On Budget,V Mehta
FIN0337,PRJ029,2026,Jan,130900000,11960903,10703084,6421850,4281233,14180833,11700663,1257819,On Budget,K Rao
FIN0338,PRJ029,2026,Feb,130900000,10371528,9851025,5910615,3940410,14180833,13825651,520503,Under,V Mehta
FIN0339,PRJ029,2026,Mar,130900000,11808998,10284659,6170795,4113863,14180833,14904442,1524339,Over,M Patel
FIN0340,PRJ029,2026,Apr,130900000,10150577,11880341,7128204,4752136,14180833,14340589,-1729764,On Budget,M Patel
FIN0341,PRJ029,2026,May,130900000,11369944,10320537,6192322,4128214,14180833,13087554,1049407,Over,K Rao
FIN0342,PRJ029,2026,Jun,130900000,9865458,12474470,7484682,4989788,14180833,16267407,-2609012,On Budget,N Kumar
FIN0343,PRJ029,2026,Jul,130900000,11017434,12419145,7451487,4967658,14180833,14622281,-1401711,Over,K Rao
FIN0344,PRJ029,2026,Aug,130900000,10816427,11220206,6732123,4488082,14180833,13173119,-403779,Under,N Kumar
FIN0345,PRJ029,2026,Sep,130900000,10448554,9036349,5421809,3614539,14180833,13104111,1412205,On Budget,K Rao
FIN0346,PRJ029,2026,Oct,130900000,9851754,8764405,5258643,3505762,14180833,13683826,1087349,Under,K Rao
FIN0347,PRJ029,2026,Nov,130900000,10120899,12050008,7230004,4820003,14180833,12481230,-1929109,On Budget,N Kumar
FIN0348,PRJ029,2026,Dec,130900000,11844517,10769780,6461868,4307912,14180833,15275996,1074737,On Budget,A Sharma
FIN0349,PRJ030,2026,Jan,155000000,13512377,14457365,8674419,5782946,16791666,15016994,-944988,On Budget,S Verma
FIN0350,PRJ030,2026,Feb,155000000,13449723,15394330,9236598,6157732,16791666,18193171,-1944607,Under,V Mehta
FIN0351,PRJ030,2026,Mar,155000000,12763357,13459698,8075818,5383879,16791666,18286269,-696341,Over,R Singh
FIN0352,PRJ030,2026,Apr,155000000,13252582,10905909,6543545,4362363,16791666,18131823,2346673,On Budget,S Verma
FIN0353,PRJ030,2026,May,155000000,12119631,11160807,6696484,4464322,16791666,17458971,958824,On Budget,S Verma
FIN0354,PRJ030,2026,Jun,155000000,11951423,14436142,8661685,5774456,16791666,16665826,-2484719,On Budget,A Sharma
FIN0355,PRJ030,2026,Jul,155000000,12456277,15366455,9219873,6146582,16791666,18713741,-2910178,On Budget,K Rao
FIN0356,PRJ030,2026,Aug,155000000,12177674,10933505,6560103,4373402,16791666,16873984,1244169,Over,K Rao
FIN0357,PRJ030,2026,Sep,155000000,12397213,14569223,8741533,5827689,16791666,17358888,-2172010,Over,R Singh
FIN0358,PRJ030,2026,Oct,155000000,12218204,12490803,7494481,4996321,16791666,13871788,-272599,On Budget,M Patel
FIN0359,PRJ030,2026,Nov,155000000,12832754,13137514,7882508,5255005,16791666,15034533,-304760,Under,V Mehta
FIN0360,PRJ030,2026,Dec,155000000,13618534,12501607,7500964,5000642,16791666,15001754,1116927,On Budget,M Patel
FIN0361,PRJ031,2026,Jan,166100000,12737399,14919959,8951975,5967983,17994166,18506269,-2182560,Over,P Gupta
FIN0362,PRJ031,2026,Feb,166100000,13195106,12743520,7646112,5097408,17994166,20151089,451586,On Budget,K Rao
FIN0363,PRJ031,2026,Mar,166100000,14389055,13596496,8157897,5438598,17994166,14382125,792559,Over,V Mehta
FIN0364,PRJ031,2026,Apr,166100000,12909398,13539023,8123413,5415609,17994166,14880675,-629625,Under,S Verma
FIN0365,PRJ031,2026,May,166100000,14776461,16465035,9879021,6586014,17994166,17082632,-1688574,On Budget,A Sharma
FIN0366,PRJ031,2026,Jun,166100000,13192080,12361397,7416838,4944558,17994166,18221294,830683,Under,P Gupta
FIN0367,PRJ031,2026,Jul,166100000,13845019,16091327,9654796,6436530,17994166,17784125,-2246308,Under,K Rao
FIN0368,PRJ031,2026,Aug,166100000,14983886,11562519,6937511,4625007,17994166,15769436,3421367,Over,S Verma
FIN0369,PRJ031,2026,Sep,166100000,14650929,15553952,9332371,6221580,17994166,16482185,-903023,Over,P Gupta
FIN0370,PRJ031,2026,Oct,166100000,13855219,13305350,7983210,5322140,17994166,17252668,549869,Over,P Gupta
FIN0371,PRJ031,2026,Nov,166100000,14526036,13853716,8312229,5541486,17994166,17063126,672320,Over,M Patel
FIN0372,PRJ031,2026,Dec,166100000,13681503,11197843,6718705,4479137,17994166,17595648,2483660,Over,S Verma
FIN0373,PRJ032,2026,Jan,160800000,12256067,12228443,7337065,4891377,17420000,16255677,27624,Under,S Verma
FIN0374,PRJ032,2026,Feb,160800000,12268745,11076653,6645991,4430661,17420000,13490152,1192092,On Budget,V Mehta
FIN0375,PRJ032,2026,Mar,160800000,12324682,14576229,8745737,5830491,17420000,15047117,-2251547,Over,M Patel
FIN0376,PRJ032,2026,Apr,160800000,14314761,11763623,7058173,4705449,17420000,13473606,2551138,On Budget,V Mehta
FIN0377,PRJ032,2026,May,160800000,12956615,14259562,8555737,5703824,17420000,19157053,-1302947,Under,R Singh
FIN0378,PRJ032,2026,Jun,160800000,13930342,10967941,6580764,4387176,17420000,19120251,2962401,Under,P Gupta
FIN0379,PRJ032,2026,Jul,160800000,12074261,14534411,8720646,5813764,17420000,17933590,-2460150,Over,R Singh
FIN0380,PRJ032,2026,Aug,160800000,14111550,14383664,8630198,5753465,17420000,18574838,-272114,Under,N Kumar
FIN0381,PRJ032,2026,Sep,160800000,13335396,11516000,6909600,4606400,17420000,19474844,1819396,On Budget,A Sharma
FIN0382,PRJ032,2026,Oct,160800000,13234269,14794124,8876474,5917649,17420000,14770572,-1559855,On Budget,M Patel
FIN0383,PRJ032,2026,Nov,160800000,12920545,14397211,8638326,5758884,17420000,17090500,-1476666,On Budget,S Verma
FIN0384,PRJ032,2026,Dec,160800000,12290183,12144752,7286851,4857900,17420000,13781696,145431,Over,V Mehta
FIN0385,PRJ033,2026,Jan,162300000,12895477,15423774,9254264,6169509,17582500,18924840,-2528297,Over,A Sharma
FIN0386,PRJ033,2026,Feb,162300000,12872112,15380087,9228052,6152034,17582500,17503645,-2507975,Under,R Singh
FIN0387,PRJ033,2026,Mar,162300000,13825845,12695093,7617055,5078037,17582500,17398345,1130752,On Budget,M Patel
FIN0388,PRJ033,2026,Apr,162300000,13289493,11342930,6805758,4537172,17582500,20100616,1946563,Over,N Kumar
FIN0389,PRJ033,2026,May,162300000,12251797,11786600,7071960,4714640,17582500,16750551,465197,Under,P Gupta
FIN0390,PRJ033,2026,Jun,162300000,13108650,14529646,8717787,5811858,17582500,13525022,-1420996,Over,N Kumar
FIN0391,PRJ033,2026,Jul,162300000,13488724,12353101,7411860,4941240,17582500,20126298,1135623,Over,M Patel
FIN0392,PRJ033,2026,Aug,162300000,12479664,15151581,9090948,6060632,17582500,15557693,-2671917,Over,M Patel
FIN0393,PRJ033,2026,Sep,162300000,14566002,15363821,9218292,6145528,17582500,19638883,-797819,Under,A Sharma
FIN0394,PRJ033,2026,Oct,162300000,13113117,14777002,8866201,5910800,17582500,19889892,-1663885,On Budget,M Patel
FIN0395,PRJ033,2026,Nov,162300000,12894917,13026787,7816072,5210714,17582500,14781141,-131870,Under,S Verma
FIN0396,PRJ033,2026,Dec,162300000,14625993,11463237,6877942,4585294,17582500,18280347,3162756,On Budget,S Verma
FIN0397,PRJ034,2026,Jan,202100000,18396161,16982305,10189383,6792922,21894166,25231430,1413856,Under,S Verma
FIN0398,PRJ034,2026,Feb,202100000,17731999,14382888,8629732,5753155,21894166,17451519,3349111,On Budget,A Sharma
FIN0399,PRJ034,2026,Mar,202100000,18416116,14997416,8998449,5998966,21894166,22943682,3418700,Under,P Gupta
FIN0400,PRJ034,2026,Apr,202100000,16453356,18754134,11252480,7501653,21894166,22713824,-2300778,Over,P Gupta
FIN0401,PRJ034,2026,May,202100000,15800674,13924257,8354554,5569702,21894166,20268575,1876417,On Budget,K Rao
FIN0402,PRJ034,2026,Jun,202100000,18153779,16227680,9736608,6491072,21894166,18479142,1926099,On Budget,V Mehta
FIN0403,PRJ034,2026,Jul,202100000,17003752,14711693,8827015,5884677,21894166,18013064,2292059,On Budget,V Mehta
FIN0404,PRJ034,2026,Aug,202100000,16973008,14106648,8463988,5642659,21894166,18952665,2866360,Over,M Patel
FIN0405,PRJ034,2026,Sep,202100000,18138698,17895918,10737550,7158367,21894166,19827643,242780,Over,V Mehta
FIN0406,PRJ034,2026,Oct,202100000,16550963,18019756,10811853,7207902,21894166,18818472,-1468793,Over,V Mehta
FIN0407,PRJ034,2026,Nov,202100000,16297171,19660039,11796023,7864015,21894166,25044696,-3362868,On Budget,M Patel
FIN0408,PRJ034,2026,Dec,202100000,15214679,15889788,9533872,6355915,21894166,25190452,-675109,Under,V Mehta
FIN0409,PRJ035,2026,Jan,180200000,15418658,14772222,8863333,5908888,19521666,20840139,646436,Over,R Singh
FIN0410,PRJ035,2026,Feb,180200000,13536363,15645731,9387438,6258292,19521666,21541274,-2109368,On Budget,R Singh
FIN0411,PRJ035,2026,Mar,180200000,15417322,12419592,7451755,4967836,19521666,16181956,2997730,Over,R Singh
FIN0412,PRJ035,2026,Apr,180200000,16202059,12949057,7769434,5179622,19521666,15028894,3253002,Over,K Rao
FIN0413,PRJ035,2026,May,180200000,16095380,12039141,7223484,4815656,19521666,16164576,4056239,Under,R Singh
FIN0414,PRJ035,2026,Jun,180200000,15054299,17133715,10280229,6853486,19521666,17081171,-2079416,Under,R Singh
FIN0415,PRJ035,2026,Jul,180200000,15714109,13813090,8287854,5525236,19521666,20417487,1901019,Over,A Sharma
FIN0416,PRJ035,2026,Aug,180200000,15649950,14176187,8505712,5670474,19521666,17203530,1473763,On Budget,V Mehta
FIN0417,PRJ035,2026,Sep,180200000,15131188,16633422,9980053,6653368,19521666,15213744,-1502234,Over,A Sharma
FIN0418,PRJ035,2026,Oct,180200000,14146756,15599183,9359509,6239673,19521666,18631293,-1452427,Under,A Sharma
FIN0419,PRJ035,2026,Nov,180200000,14000876,12468221,7480932,4987288,19521666,16816347,1532655,Under,P Gupta
FIN0420,PRJ035,2026,Dec,180200000,14242290,17500408,10500244,7000163,19521666,15854418,-3258118,On Budget,K Rao
FIN0421,PRJ036,2026,Jan,244900000,20728616,17717295,10630377,7086918,26530833,26970181,3011321,Over,A Sharma
FIN0422,PRJ036,2026,Feb,244900000,22381089,24006285,14403771,9602514,26530833,28917090,-1625196,Under,A Sharma
FIN0423,PRJ036,2026,Mar,244900000,18443827,17241416,10344849,6896566,26530833,20903405,1202411,Over,A Sharma
FIN0424,PRJ036,2026,Apr,244900000,21192869,17187098,10312258,6874839,26530833,22553697,4005771,On Budget,S Verma
FIN0425,PRJ036,2026,May,244900000,20589171,19308999,11585399,7723599,26530833,21454822,1280172,Under,N Kumar
FIN0426,PRJ036,2026,Jun,244900000,18560882,21941462,13164877,8776584,26530833,24045654,-3380580,Over,M Patel
FIN0427,PRJ036,2026,Jul,244900000,21238286,19659985,11795991,7863994,26530833,27757884,1578301,Over,M Patel
FIN0428,PRJ036,2026,Aug,244900000,20533359,17534217,10520530,7013686,26530833,28965452,2999142,Over,P Gupta
FIN0429,PRJ036,2026,Sep,244900000,20159123,19054837,11432902,7621934,26530833,27305531,1104286,Under,N Kumar
FIN0430,PRJ036,2026,Oct,244900000,18597129,18973549,11384129,7589419,26530833,21349373,-376420,On Budget,N Kumar
FIN0431,PRJ036,2026,Nov,244900000,19619251,20373933,12224359,8149573,26530833,20886215,-754682,On Budget,R Singh
FIN0432,PRJ036,2026,Dec,244900000,20534449,22827868,13696720,9131147,26530833,23443999,-2293419,Under,M Patel
FIN0433,PRJ037,2026,Jan,98500000,8766072,8151124,4890674,3260449,10670833,10317599,614948,Under,K Rao
FIN0434,PRJ037,2026,Feb,98500000,8010196,7776782,4666069,3110712,10670833,11834372,233414,Over,S Verma
FIN0435,PRJ037,2026,Mar,98500000,8312198,7193353,4316011,2877341,10670833,12084000,1118845,Under,M Patel
FIN0436,PRJ037,2026,Apr,98500000,8143904,9688429,5813057,3875371,10670833,8741707,-1544525,Under,A Sharma
FIN0437,PRJ037,2026,May,98500000,8112428,8339493,5003695,3335797,10670833,9105123,-227065,Under,A Sharma
FIN0438,PRJ037,2026,Jun,98500000,8341164,7055601,4233360,2822240,10670833,9407309,1285563,Over,M Patel
FIN0439,PRJ037,2026,Jul,98500000,8864378,9390428,5634256,3756171,10670833,11405274,-526050,On Budget,A Sharma
FIN0440,PRJ037,2026,Aug,98500000,7616901,9344307,5606584,3737722,10670833,10668481,-1727406,On Budget,M Patel
FIN0441,PRJ037,2026,Sep,98500000,8580396,8563792,5138275,3425516,10670833,9054376,16604,Over,N Kumar
FIN0442,PRJ037,2026,Oct,98500000,7898196,9845834,5907500,3938333,10670833,8820298,-1947638,Over,P Gupta
FIN0443,PRJ037,2026,Nov,98500000,7872705,8025921,4815552,3210368,10670833,8614103,-153216,Over,P Gupta
FIN0444,PRJ037,2026,Dec,98500000,7509113,9690642,5814385,3876256,10670833,8865035,-2181529,Under,A Sharma
FIN0445,PRJ038,2026,Jan,143700000,12327828,12114515,7268709,4845806,15567500,13732056,213313,Over,M Patel
FIN0446,PRJ038,2026,Feb,143700000,11392250,10020496,6012297,4008198,15567500,13441707,1371754,Over,S Verma
FIN0447,PRJ038,2026,Mar,143700000,12278609,11793360,7076016,4717344,15567500,15360095,485249,Under,P Gupta
FIN0448,PRJ038,2026,Apr,143700000,11715652,13430458,8058274,5372183,15567500,13673505,-1714806,Under,A Sharma
FIN0449,PRJ038,2026,May,143700000,10822821,10864823,6518893,4345929,15567500,17536209,-42002,On Budget,M Patel
FIN0450,PRJ038,2026,Jun,143700000,11108704,11420575,6852345,4568230,15567500,13014444,-311871,Over,M Patel
FIN0451,PRJ038,2026,Jul,143700000,11907136,11251009,6750605,4500403,15567500,15816743,656127,On Budget,K Rao
FIN0452,PRJ038,2026,Aug,143700000,12028732,12772283,7663369,5108913,15567500,16226425,-743551,Over,A Sharma
FIN0453,PRJ038,2026,Sep,143700000,12996060,14124026,8474415,5649610,15567500,14399702,-1127966,On Budget,M Patel
FIN0454,PRJ038,2026,Oct,143700000,10931508,11963495,7178097,4785398,15567500,12461640,-1031987,Under,R Singh
FIN0455,PRJ038,2026,Nov,143700000,11358609,13394756,8036853,5357902,15567500,15957594,-2036147,On Budget,A Sharma
FIN0456,PRJ038,2026,Dec,143700000,12240733,12037275,7222365,4814910,15567500,17753980,203458,On Budget,P Gupta
FIN0457,PRJ039,2026,Jan,210000000,17497729,15490299,9294179,6196119,22750000,18339216,2007430,Under,V Mehta
FIN0458,PRJ039,2026,Feb,210000000,16593763,18763400,11258040,7505360,22750000,25353586,-2169637,On Budget,K Rao
FIN0459,PRJ039,2026,Mar,210000000,18507861,19588868,11753320,7835547,22750000,23711525,-1081007,On Budget,A Sharma
FIN0460,PRJ039,2026,Apr,210000000,18507587,18549645,11129787,7419858,22750000,20877791,-42058,Over,S Verma
FIN0461,PRJ039,2026,May,210000000,17376937,19710163,11826097,7884065,22750000,25236761,-2333226,Under,A Sharma
FIN0462,PRJ039,2026,Jun,210000000,17863092,19428075,11656845,7771230,22750000,23490936,-1564983,Under,S Verma
FIN0463,PRJ039,2026,Jul,210000000,15851701,15227400,9136440,6090960,22750000,21651797,624301,Under,S Verma
FIN0464,PRJ039,2026,Aug,210000000,16848629,16430448,9858268,6572179,22750000,21520048,418181,Over,K Rao
FIN0465,PRJ039,2026,Sep,210000000,18481229,14900567,8940340,5960226,22750000,22607092,3580662,On Budget,A Sharma
FIN0466,PRJ039,2026,Oct,210000000,16068633,14381449,8628869,5752579,22750000,18477847,1687184,On Budget,K Rao
FIN0467,PRJ039,2026,Nov,210000000,17197107,16313148,9787888,6525259,22750000,21067235,883959,Under,K Rao
FIN0468,PRJ039,2026,Dec,210000000,16835777,18874167,11324500,7549666,22750000,26193131,-2038390,On Budget,M Patel
FIN0469,PRJ040,2026,Jan,195100000,17004384,19003784,11402270,7601513,21135833,21021185,-1999400,Under,S Verma
FIN0470,PRJ040,2026,Feb,195100000,15505515,14362365,8617419,5744946,21135833,18970271,1143150,On Budget,R Singh
FIN0471,PRJ040,2026,Mar,195100000,15980045,17254722,10352833,6901888,21135833,22781715,-1274677,On Budget,K Rao
FIN0472,PRJ040,2026,Apr,195100000,15773259,14366911,8620146,5746764,21135833,19843530,1406348,Over,A Sharma
FIN0473,PRJ040,2026,May,195100000,15458662,16766557,10059934,6706622,21135833,23038006,-1307895,On Budget,R Singh
FIN0474,PRJ040,2026,Jun,195100000,16169545,17301514,10380908,6920605,21135833,18861104,-1131969,On Budget,R Singh
FIN0475,PRJ040,2026,Jul,195100000,16045498,19444971,11666982,7777988,21135833,20759259,-3399473,On Budget,P Gupta
FIN0476,PRJ040,2026,Aug,195100000,15220954,15539428,9323656,6215771,21135833,17750766,-318474,Under,M Patel
FIN0477,PRJ040,2026,Sep,195100000,17490263,19354131,11612478,7741652,21135833,16287657,-1863868,On Budget,S Verma
FIN0478,PRJ040,2026,Oct,195100000,16490565,18100021,10860012,7240008,21135833,16397368,-1609456,On Budget,S Verma
FIN0479,PRJ040,2026,Nov,195100000,15325271,17127933,10276759,6851173,21135833,22516157,-1802662,On Budget,K Rao
FIN0480,PRJ040,2026,Dec,195100000,15927407,18237204,10942322,7294881,21135833,17142016,-2309797,Under,P Gupta
FIN0481,PRJ041,2026,Jan,103400000,8280114,8822293,5293375,3528917,11201666,11392304,-542179,Under,K Rao
FIN0482,PRJ041,2026,Feb,103400000,7778521,9980676,5988405,3992270,11201666,12167917,-2202155,On Budget,R Singh
FIN0483,PRJ041,2026,Mar,103400000,9058139,8057441,4834464,3222976,11201666,10195285,1000698,On Budget,A Sharma
FIN0484,PRJ041,2026,Apr,103400000,9383595,9807867,5884720,3923146,11201666,12715833,-424272,Under,K Rao
FIN0485,PRJ041,2026,May,103400000,8969363,7655838,4593502,3062335,11201666,12134258,1313525,Under,N Kumar
FIN0486,PRJ041,2026,Jun,103400000,8314283,10230654,6138392,4092261,11201666,12586871,-1916371,Under,A Sharma
FIN0487,PRJ041,2026,Jul,103400000,8983779,7445358,4467214,2978143,11201666,9993102,1538421,On Budget,K Rao
FIN0488,PRJ041,2026,Aug,103400000,7797382,7955242,4773145,3182096,11201666,9719027,-157860,On Budget,V Mehta
FIN0489,PRJ041,2026,Sep,103400000,9364213,8243832,4946299,3297532,11201666,12238877,1120381,Under,V Mehta
FIN0490,PRJ041,2026,Oct,103400000,9070552,8341044,5004626,3336417,11201666,10122441,729508,Over,P Gupta
FIN0491,PRJ041,2026,Nov,103400000,8576970,7319216,4391529,2927686,11201666,11276642,1257754,Under,M Patel
FIN0492,PRJ041,2026,Dec,103400000,9256220,8045248,4827148,3218099,11201666,8999382,1210972,Over,P Gupta
FIN0493,PRJ042,2026,Jan,176200000,13360667,16301949,9781169,6520779,19088333,17364478,-2941282,Under,P Gupta
FIN0494,PRJ042,2026,Feb,176200000,15258311,17369634,10421780,6947853,19088333,17175314,-2111323,On Budget,S Verma
FIN0495,PRJ042,2026,Mar,176200000,14595148,15971839,9583103,6388735,19088333,15265559,-1376691,Over,P Gupta
FIN0496,PRJ042,2026,Apr,176200000,13282313,12878709,7727225,5151483,19088333,19617893,403604,Under,A Sharma
FIN0497,PRJ042,2026,May,176200000,13225507,13636569,8181941,5454627,19088333,19235795,-411062,Under,S Verma
FIN0498,PRJ042,2026,Jun,176200000,13355253,13423915,8054349,5369566,19088333,19438718,-68662,Under,M Patel
FIN0499,PRJ042,2026,Jul,176200000,13516797,16008329,9604997,6403331,19088333,18036659,-2491532,On Budget,K Rao
FIN0500,PRJ042,2026,Aug,176200000,14273811,13787627,8272576,5515050,19088333,22003166,486184,Under,A Sharma
FIN0501,PRJ042,2026,Sep,176200000,14296597,11798789,7079273,4719515,19088333,16484674,2497808,Over,P Gupta
FIN0502,PRJ042,2026,Oct,176200000,13556705,15386859,9232115,6154743,19088333,15614249,-1830154,Over,K Rao
FIN0503,PRJ042,2026,Nov,176200000,14939202,16458018,9874810,6583207,19088333,19613607,-1518816,On Budget,A Sharma
FIN0504,PRJ042,2026,Dec,176200000,15281217,12261258,7356754,4904503,19088333,18206117,3019959,On Budget,M Patel
FIN0505,PRJ043,2026,Jan,208200000,15807815,20463682,12278209,8185472,22555000,25489781,-4655867,Over,R Singh
FIN0506,PRJ043,2026,Feb,208200000,17061141,16496460,9897876,6598584,22555000,20801800,564681,Over,M Patel
FIN0507,PRJ043,2026,Mar,208200000,16157123,19681487,11808892,7872594,22555000,21065410,-3524364,Under,R Singh
FIN0508,PRJ043,2026,Apr,208200000,16201049,20671550,12402930,8268620,22555000,25712808,-4470501,Over,R Singh
FIN0509,PRJ043,2026,May,208200000,17195029,19422057,11653234,7768822,22555000,25056785,-2227028,Over,A Sharma
FIN0510,PRJ043,2026,Jun,208200000,16784503,15149103,9089461,6059641,22555000,20045860,1635400,Under,P Gupta
FIN0511,PRJ043,2026,Jul,208200000,18621912,20306545,12183927,8122618,22555000,21022574,-1684633,Under,R Singh
FIN0512,PRJ043,2026,Aug,208200000,19010966,18937639,11362583,7575055,22555000,17944365,73327,Over,S Verma
FIN0513,PRJ043,2026,Sep,208200000,17510363,18552633,11131579,7421053,22555000,23082718,-1042270,On Budget,A Sharma
FIN0514,PRJ043,2026,Oct,208200000,17334643,20358716,12215229,8143486,22555000,18954167,-3024073,Over,K Rao
FIN0515,PRJ043,2026,Nov,208200000,18533902,17851912,10711147,7140764,22555000,19130049,681990,Over,S Verma
FIN0516,PRJ043,2026,Dec,208200000,15871558,16657526,9994515,6663010,22555000,19827266,-785968,Under,N Kumar
FIN0517,PRJ044,2026,Jan,64800000,5248303,5314616,3188769,2125846,7020000,7184216,-66313,Under,V Mehta
FIN0518,PRJ044,2026,Feb,64800000,4863558,4820555,2892333,1928222,7020000,6245754,43003,Over,A Sharma
FIN0519,PRJ044,2026,Mar,64800000,5646292,5210635,3126381,2084254,7020000,8058558,435657,Over,A Sharma
FIN0520,PRJ044,2026,Apr,64800000,5067758,4724291,2834574,1889716,7020000,7463716,343467,Over,A Sharma
FIN0521,PRJ044,2026,May,64800000,5864761,5245595,3147357,2098238,7020000,7049096,619166,Under,R Singh
FIN0522,PRJ044,2026,Jun,64800000,5526217,6359773,3815863,2543909,7020000,7548158,-833556,Over,M Patel
FIN0523,PRJ044,2026,Jul,64800000,5049107,5438750,3263250,2175500,7020000,7002241,-389643,Over,K Rao
FIN0524,PRJ044,2026,Aug,64800000,5315955,5866459,3519875,2346583,7020000,5515322,-550504,Over,S Verma
FIN0525,PRJ044,2026,Sep,64800000,5549869,6203266,3721959,2481306,7020000,5724676,-653397,On Budget,N Kumar
FIN0526,PRJ044,2026,Oct,64800000,5331523,5728242,3436945,2291296,7020000,6873977,-396719,Under,M Patel
FIN0527,PRJ044,2026,Nov,64800000,5741705,5234891,3140934,2093956,7020000,7314607,506814,Over,S Verma
FIN0528,PRJ044,2026,Dec,64800000,5172952,4857805,2914683,1943122,7020000,6002565,315147,Over,R Singh
FIN0529,PRJ045,2026,Jan,249900000,19472084,17859322,10715593,7143728,27072500,24317437,1612762,Over,M Patel
FIN0530,PRJ045,2026,Feb,249900000,19734673,22403144,13441886,8961257,27072500,30761042,-2668471,Over,P Gupta
FIN0531,PRJ045,2026,Mar,249900000,21885585,17096958,10258174,6838783,27072500,24321181,4788627,On Budget,S Verma
FIN0532,PRJ045,2026,Apr,249900000,21274860,17508526,10505115,7003410,27072500,23208547,3766334,On Budget,M Patel
FIN0533,PRJ045,2026,May,249900000,20888796,21959988,13175992,8783995,27072500,23411167,-1071192,Over,P Gupta
FIN0534,PRJ045,2026,Jun,249900000,22104970,23608495,14165097,9443398,27072500,30931649,-1503525,On Budget,M Patel
FIN0535,PRJ045,2026,Jul,249900000,19720005,23467178,14080306,9386871,27072500,30243338,-3747173,Under,S Verma
FIN0536,PRJ045,2026,Aug,249900000,22212473,17568563,10541137,7027425,27072500,26266860,4643910,Under,K Rao
FIN0537,PRJ045,2026,Sep,249900000,21061227,17790822,10674493,7116328,27072500,25867207,3270405,On Budget,S Verma
FIN0538,PRJ045,2026,Oct,249900000,19475113,20762606,12457563,8305042,27072500,23887191,-1287493,On Budget,N Kumar
FIN0539,PRJ045,2026,Nov,249900000,21103306,17630332,10578199,7052132,27072500,25320533,3472974,Over,K Rao
FIN0540,PRJ045,2026,Dec,249900000,19990984,21730067,13038040,8692026,27072500,24997765,-1739083,Under,A Sharma
FIN0541,PRJ046,2026,Jan,32900000,2877454,3218211,1930926,1287284,3564166,3624119,-340757,On Budget,A Sharma
FIN0542,PRJ046,2026,Feb,32900000,2975251,2573987,1544392,1029594,3564166,3580980,401264,Over,V Mehta
FIN0543,PRJ046,2026,Mar,32900000,2749230,2515331,1509198,1006132,3564166,3250231,233899,Under,A Sharma
FIN0544,PRJ046,2026,Apr,32900000,2493667,3277277,1966366,1310910,3564166,3516378,-783610,Over,P Gupta
FIN0545,PRJ046,2026,May,32900000,2780259,3183037,1909822,1273214,3564166,3194672,-402778,Under,K Rao
FIN0546,PRJ046,2026,Jun,32900000,2903701,3004062,1802437,1201624,3564166,3787010,-100361,Under,A Sharma
FIN0547,PRJ046,2026,Jul,32900000,3014564,2678703,1607221,1071481,3564166,2834528,335861,Over,M Patel
FIN0548,PRJ046,2026,Aug,32900000,2890626,3173045,1903827,1269218,3564166,3806885,-282419,Under,N Kumar
FIN0549,PRJ046,2026,Sep,32900000,3013831,2501053,1500631,1000421,3564166,3866979,512778,Over,N Kumar
FIN0550,PRJ046,2026,Oct,32900000,2697374,2280515,1368309,912206,3564166,2821489,416859,On Budget,N Kumar
FIN0551,PRJ046,2026,Nov,32900000,2523282,2896196,1737717,1158478,3564166,3477366,-372914,Under,S Verma
FIN0552,PRJ046,2026,Dec,32900000,2862818,2319401,1391640,927760,3564166,4003079,543417,On Budget,K Rao
FIN0553,PRJ047,2026,Jan,101200000,8371133,9087487,5452492,3634994,10963333,8720655,-716354,Under,R Singh
FIN0554,PRJ047,2026,Feb,101200000,8718896,8447207,5068324,3378882,10963333,12455350,271689,On Budget,V Mehta
FIN0555,PRJ047,2026,Mar,101200000,8065988,8584268,5150560,3433707,10963333,8788873,-518280,Under,P Gupta
FIN0556,PRJ047,2026,Apr,101200000,9038498,9489796,5693877,3795918,10963333,9393784,-451298,On Budget,K Rao
FIN0557,PRJ047,2026,May,101200000,8202030,7701136,4620681,3080454,10963333,12198541,500894,Over,M Patel
FIN0558,PRJ047,2026,Jun,101200000,7752307,9008717,5405230,3603486,10963333,8458538,-1256410,On Budget,M Patel
FIN0559,PRJ047,2026,Jul,101200000,8566896,8997012,5398207,3598804,10963333,11429253,-430116,On Budget,R Singh
FIN0560,PRJ047,2026,Aug,101200000,8304053,7150445,4290267,2860178,10963333,11702055,1153608,On Budget,V Mehta
FIN0561,PRJ047,2026,Sep,101200000,8336913,8942868,5365720,3577147,10963333,11769835,-605955,On Budget,R Singh
FIN0562,PRJ047,2026,Oct,101200000,8241631,9641593,5784955,3856637,10963333,8911987,-1399962,On Budget,S Verma
FIN0563,PRJ047,2026,Nov,101200000,9257602,10037266,6022359,4014906,10963333,9254095,-779664,On Budget,S Verma
FIN0564,PRJ047,2026,Dec,101200000,9045326,9991260,5994756,3996504,10963333,10320411,-945934,Over,R Singh
FIN0565,PRJ048,2026,Jan,64400000,5598358,4770701,2862420,1908280,6976666,7525166,827657,On Budget,N Kumar
FIN0566,PRJ048,2026,Feb,64400000,5554588,4737838,2842702,1895135,6976666,7321468,816750,On Budget,K Rao
FIN0567,PRJ048,2026,Mar,64400000,5066319,4410718,2646430,1764287,6976666,5920684,655601,Under,V Mehta
FIN0568,PRJ048,2026,Apr,64400000,5047655,5605073,3363043,2242029,6976666,6557119,-557418,On Budget,N Kumar
FIN0569,PRJ048,2026,May,64400000,5279810,6161464,3696878,2464585,6976666,6348934,-881654,Under,S Verma
FIN0570,PRJ048,2026,Jun,64400000,5541916,5900437,3540262,2360174,6976666,5741675,-358521,On Budget,M Patel
FIN0571,PRJ048,2026,Jul,64400000,4953089,6105561,3663336,2442224,6976666,6455659,-1152472,Over,R Singh
FIN0572,PRJ048,2026,Aug,64400000,5548771,6122308,3673384,2448923,6976666,7301400,-573537,Under,M Patel
FIN0573,PRJ048,2026,Sep,64400000,5442555,6105359,3663215,2442143,6976666,7971430,-662804,Under,K Rao
FIN0574,PRJ048,2026,Oct,64400000,5143415,5017112,3010267,2006844,6976666,6605308,126303,On Budget,N Kumar
FIN0575,PRJ048,2026,Nov,64400000,4930423,5365541,3219324,2146216,6976666,7126709,-435118,Over,M Patel
FIN0576,PRJ048,2026,Dec,64400000,5442576,5769049,3461429,2307619,6976666,6769354,-326473,Under,S Verma
FIN0577,PRJ049,2026,Jan,115800000,10392539,11337643,6802585,4535057,12545000,12715453,-945104,Over,K Rao
FIN0578,PRJ049,2026,Feb,115800000,9283009,8848235,5308941,3539294,12545000,12624662,434774,On Budget,R Singh
FIN0579,PRJ049,2026,Mar,115800000,9833183,8470548,5082328,3388219,12545000,12994844,1362635,Over,K Rao
FIN0580,PRJ049,2026,Apr,115800000,8818833,9555220,5733132,3822088,12545000,11373879,-736387,Over,S Verma
FIN0581,PRJ049,2026,May,115800000,9803058,8629475,5177685,3451790,12545000,12877656,1173583,Over,R Singh
FIN0582,PRJ049,2026,Jun,115800000,10044218,11172319,6703391,4468927,12545000,12403558,-1128101,On Budget,A Sharma
FIN0583,PRJ049,2026,Jul,115800000,9284145,10705616,6423369,4282246,12545000,13550256,-1421471,On Budget,S Verma
FIN0584,PRJ049,2026,Aug,115800000,8966079,10183809,6110285,4073523,12545000,14174260,-1217730,Over,N Kumar
FIN0585,PRJ049,2026,Sep,115800000,10562383,9094502,5456701,3637800,12545000,12367285,1467881,Over,R Singh
FIN0586,PRJ049,2026,Oct,115800000,10258019,10601659,6360995,4240663,12545000,10408214,-343640,Over,V Mehta
FIN0587,PRJ049,2026,Nov,115800000,8939621,10447006,6268203,4178802,12545000,9827520,-1507385,Under,R Singh
FIN0588,PRJ049,2026,Dec,115800000,9860097,8761849,5257109,3504739,12545000,13850642,1098248,Over,S Verma
FIN0589,PRJ050,2026,Jan,210900000,17377570,14789594,8873756,5915837,22847500,17758948,2587976,Under,N Kumar
FIN0590,PRJ050,2026,Feb,210900000,15821484,14094894,8456936,5637957,22847500,20975950,1726590,On Budget,S Verma
FIN0591,PRJ050,2026,Mar,210900000,16957614,15717386,9430431,6286954,22847500,18768053,1240228,Over,A Sharma
FIN0592,PRJ050,2026,Apr,210900000,18510938,14866949,8920169,5946779,22847500,21568295,3643989,Under,R Singh
FIN0593,PRJ050,2026,May,210900000,18376355,20217293,12130375,8086917,22847500,23914169,-1840938,Under,R Singh
FIN0594,PRJ050,2026,Jun,210900000,18237656,17738581,10643148,7095432,22847500,23392762,499075,Under,M Patel
FIN0595,PRJ050,2026,Jul,210900000,18068941,16345982,9807589,6538392,22847500,19265749,1722959,Under,P Gupta
FIN0596,PRJ050,2026,Aug,210900000,17790604,16259568,9755740,6503827,22847500,24107477,1531036,Under,N Kumar
FIN0597,PRJ050,2026,Sep,210900000,17639212,15203737,9122242,6081494,22847500,18017892,2435475,Over,V Mehta
FIN0598,PRJ050,2026,Oct,210900000,16675099,20545550,12327330,8218220,22847500,18309035,-3870451,Under,P Gupta
FIN0599,PRJ050,2026,Nov,210900000,18584873,17867467,10720480,7146986,22847500,25397890,717406,Under,N Kumar
FIN0600,PRJ050,2026,Dec,210900000,15996312,18369286,11021571,7347714,22847500,26315157,-2372974,Under,N Kumar
FIN0601,PRJ051,2026,Jan,166500000,13910670,15676708,9406024,6270683,18037500,19848876,-1766038,On Budget,K Rao
FIN0602,PRJ051,2026,Feb,166500000,13825026,16535974,9921584,6614389,18037500,17750693,-2710948,Over,K Rao
FIN0603,PRJ051,2026,Mar,166500000,15008100,13831419,8298851,5532567,18037500,18104104,1176681,Over,K Rao
FIN0604,PRJ051,2026,Apr,166500000,13340034,13946741,8368044,5578696,18037500,15926142,-606707,On Budget,A Sharma
FIN0605,PRJ051,2026,May,166500000,13773421,15811477,9486886,6324590,18037500,17943430,-2038056,On Budget,A Sharma
FIN0606,PRJ051,2026,Jun,166500000,13725949,12573439,7544063,5029375,18037500,17634391,1152510,Under,K Rao
FIN0607,PRJ051,2026,Jul,166500000,12757296,15696308,9417784,6278523,18037500,15420075,-2939012,On Budget,K Rao
FIN0608,PRJ051,2026,Aug,166500000,14542953,12407303,7444381,4962921,18037500,20155185,2135650,Over,K Rao
FIN0609,PRJ051,2026,Sep,166500000,14436298,14740907,8844544,5896362,18037500,16439000,-304609,Over,P Gupta
FIN0610,PRJ051,2026,Oct,166500000,12580447,13495094,8097056,5398037,18037500,14435840,-914647,On Budget,M Patel
FIN0611,PRJ051,2026,Nov,166500000,13893710,15044694,9026816,6017877,18037500,20422594,-1150984,Over,R Singh
FIN0612,PRJ051,2026,Dec,166500000,14187107,14798677,8879206,5919470,18037500,13928123,-611570,Under,A Sharma
FIN0613,PRJ052,2026,Jan,225100000,19721169,20489490,12293694,8195796,24385833,20152783,-768321,Under,M Patel
FIN0614,PRJ052,2026,Feb,225100000,17206757,15541616,9324969,6216646,24385833,25839405,1665141,Under,S Verma
FIN0615,PRJ052,2026,Mar,225100000,19976614,20647242,12388345,8258896,24385833,24180624,-670628,Under,A Sharma
FIN0616,PRJ052,2026,Apr,225100000,19202783,21365958,12819574,8546383,24385833,27119942,-2163175,Under,S Verma
FIN0617,PRJ052,2026,May,225100000,17067995,15553615,9332169,6221446,24385833,26803325,1514380,Under,S Verma
FIN0618,PRJ052,2026,Jun,225100000,17678922,19068556,11441133,7627422,24385833,22454619,-1389634,Over,K Rao
FIN0619,PRJ052,2026,Jul,225100000,20228052,18041004,10824602,7216401,24385833,22382247,2187048,Over,K Rao
FIN0620,PRJ052,2026,Aug,225100000,17315253,19693420,11816052,7877368,24385833,19948366,-2378167,Under,A Sharma
FIN0621,PRJ052,2026,Sep,225100000,19074798,17295325,10377195,6918130,24385833,23450887,1779473,Under,K Rao
FIN0622,PRJ052,2026,Oct,225100000,19964976,21776806,13066083,8710722,24385833,26007340,-1811830,Over,N Kumar
FIN0623,PRJ052,2026,Nov,225100000,17484556,17414886,10448931,6965954,24385833,24866158,69670,Over,S Verma
FIN0624,PRJ052,2026,Dec,225100000,18260993,16451206,9870723,6580482,24385833,20424969,1809787,Under,R Singh
FIN0625,PRJ053,2026,Jan,191900000,17336155,16558860,9935316,6623544,20789166,20247835,777295,Over,P Gupta
FIN0626,PRJ053,2026,Feb,191900000,16307963,18506809,11104085,7402723,20789166,16713370,-2198846,On Budget,S Verma
FIN0627,PRJ053,2026,Mar,191900000,16295384,13933582,8360149,5573432,20789166,16939626,2361802,Under,R Singh
FIN0628,PRJ053,2026,Apr,191900000,14966929,13871308,8322784,5548523,20789166,17438060,1095621,Under,A Sharma
FIN0629,PRJ053,2026,May,191900000,16124695,16600774,9960464,6640309,20789166,16596773,-476079,Over,K Rao
FIN0630,PRJ053,2026,Jun,191900000,16218137,17781289,10668773,7112515,20789166,20904956,-1563152,On Budget,M Patel
FIN0631,PRJ053,2026,Jul,191900000,16195398,18423658,11054194,7369463,20789166,16118914,-2228260,On Budget,S Verma
FIN0632,PRJ053,2026,Aug,191900000,16970432,15772951,9463770,6309180,20789166,22105365,1197481,On Budget,R Singh
FIN0633,PRJ053,2026,Sep,191900000,14507350,19171080,11502648,7668432,20789166,16173531,-4663730,Under,S Verma
FIN0634,PRJ053,2026,Oct,191900000,15965161,13921985,8353191,5568794,20789166,22428014,2043176,On Budget,K Rao
FIN0635,PRJ053,2026,Nov,191900000,15321613,15405257,9243154,6162102,20789166,19339132,-83644,Over,A Sharma
FIN0636,PRJ053,2026,Dec,191900000,16223971,19002295,11401377,7600918,20789166,20108791,-2778324,Over,N Kumar
FIN0637,PRJ054,2026,Jan,64100000,5810360,5148826,3089295,2059530,6944166,6126798,661534,On Budget,S Verma
FIN0638,PRJ054,2026,Feb,64100000,4993166,5305304,3183182,2122121,6944166,6122601,-312138,Over,M Patel
FIN0639,PRJ054,2026,Mar,64100000,5440215,5619368,3371620,2247747,6944166,7449081,-179153,Over,N Kumar
FIN0640,PRJ054,2026,Apr,64100000,5034089,5351484,3210890,2140593,6944166,8000531,-317395,Over,M Patel
FIN0641,PRJ054,2026,May,64100000,5739995,5459320,3275592,2183728,6944166,6409668,280675,Under,V Mehta
FIN0642,PRJ054,2026,Jun,64100000,5600214,6185622,3711373,2474248,6944166,6839956,-585408,On Budget,S Verma
FIN0643,PRJ054,2026,Jul,64100000,5463698,4902759,2941655,1961103,6944166,6299465,560939,On Budget,M Patel
FIN0644,PRJ054,2026,Aug,64100000,5465271,5300672,3180403,2120268,6944166,7782395,164599,On Budget,N Kumar
FIN0645,PRJ054,2026,Sep,64100000,5484554,4998450,2999070,1999380,6944166,6329872,486104,On Budget,N Kumar
FIN0646,PRJ054,2026,Oct,64100000,5097496,4334771,2600862,1733908,6944166,6636680,762725,Under,A Sharma
FIN0647,PRJ054,2026,Nov,64100000,5549281,6053685,3632211,2421474,6944166,6007588,-504404,Under,M Patel
FIN0648,PRJ054,2026,Dec,64100000,5298565,5075981,3045588,2030392,6944166,5787402,222584,Over,M Patel
FIN0649,PRJ055,2026,Jan,148800000,12620641,10325894,6195536,4130357,16120000,18085577,2294747,Under,K Rao
FIN0650,PRJ055,2026,Feb,148800000,12084307,11728849,7037309,4691539,16120000,13430244,355458,Under,R Singh
FIN0651,PRJ055,2026,Mar,148800000,12958329,14727712,8836627,5891084,16120000,16413046,-1769383,On Budget,P Gupta
FIN0652,PRJ055,2026,Apr,148800000,13034788,11938432,7163059,4775372,16120000,15441924,1096356,On Budget,P Gupta
FIN0653,PRJ055,2026,May,148800000,12131056,10361725,6217035,4144690,16120000,12434631,1769331,On Budget,M Patel
FIN0654,PRJ055,2026,Jun,148800000,11400922,12534643,7520785,5013857,16120000,17953332,-1133721,Over,S Verma
FIN0655,PRJ055,2026,Jul,148800000,11839015,10276710,6166026,4110684,16120000,13751523,1562305,Under,S Verma
FIN0656,PRJ055,2026,Aug,148800000,13599422,14299368,8579620,5719747,16120000,15483073,-699946,On Budget,K Rao
FIN0657,PRJ055,2026,Sep,148800000,11970832,12057133,7234279,4822853,16120000,16444361,-86301,On Budget,V Mehta
FIN0658,PRJ055,2026,Oct,148800000,11188940,13639092,8183455,5455636,16120000,12993171,-2450152,On Budget,P Gupta
FIN0659,PRJ055,2026,Nov,148800000,11823853,10419488,6251692,4167795,16120000,17775170,1404365,On Budget,P Gupta
FIN0660,PRJ055,2026,Dec,148800000,12444488,11823393,7094035,4729357,16120000,12461701,621095,On Budget,K Rao
FIN0661,PRJ056,2026,Jan,70800000,6480246,5011252,3006751,2004500,7670000,8081254,1468994,On Budget,K Rao
FIN0662,PRJ056,2026,Feb,70800000,6081273,5953758,3572254,2381503,7670000,8033080,127515,On Budget,K Rao
FIN0663,PRJ056,2026,Mar,70800000,5833375,5194787,3116872,2077914,7670000,8360798,638588,Over,S Verma
FIN0664,PRJ056,2026,Apr,70800000,6275763,6909435,4145661,2763774,7670000,8064219,-633672,On Budget,A Sharma
FIN0665,PRJ056,2026,May,70800000,5762293,5015415,3009249,2006166,7670000,6908601,746878,Over,M Patel
FIN0666,PRJ056,2026,Jun,70800000,5743247,5976545,3585927,2390618,7670000,7122519,-233298,On Budget,P Gupta
FIN0667,PRJ056,2026,Jul,70800000,6162816,6143312,3685987,2457324,7670000,6311130,19504,Under,V Mehta
FIN0668,PRJ056,2026,Aug,70800000,6221931,6583177,3949906,2633270,7670000,7792153,-361246,On Budget,K Rao
FIN0669,PRJ056,2026,Sep,70800000,6460178,6653896,3992337,2661558,7670000,7222423,-193718,Under,N Kumar
FIN0670,PRJ056,2026,Oct,70800000,5556374,6409777,3845866,2563910,7670000,8168280,-853403,On Budget,V Mehta
FIN0671,PRJ056,2026,Nov,70800000,6084812,6309791,3785874,2523916,7670000,7324139,-224979,Under,S Verma
FIN0672,PRJ056,2026,Dec,70800000,6215865,6197521,3718512,2479008,7670000,6731256,18344,Under,M Patel
FIN0673,PRJ057,2026,Jan,23700000,1997848,1629316,977589,651726,2567500,2504015,368532,Under,V Mehta
FIN0674,PRJ057,2026,Feb,23700000,1945912,1622298,973378,648919,2567500,2667444,323614,On Budget,K Rao
FIN0675,PRJ057,2026,Mar,23700000,1890403,2280430,1368258,912172,2567500,2668545,-390027,Under,P Gupta
FIN0676,PRJ057,2026,Apr,23700000,1902419,1605513,963307,642205,2567500,2082254,296906,Under,R Singh
FIN0677,PRJ057,2026,May,23700000,1934605,1689690,1013814,675876,2567500,2003594,244915,Over,V Mehta
FIN0678,PRJ057,2026,Jun,23700000,2111785,1728269,1036961,691307,2567500,2183787,383516,On Budget,N Kumar
FIN0679,PRJ057,2026,Jul,23700000,1843151,1852415,1111449,740966,2567500,2357717,-9264,On Budget,K Rao
FIN0680,PRJ057,2026,Aug,23700000,1820700,2038107,1222864,815242,2567500,2911745,-217407,On Budget,P Gupta
FIN0681,PRJ057,2026,Sep,23700000,2015238,2052370,1231422,820948,2567500,2355411,-37132,Over,N Kumar
FIN0682,PRJ057,2026,Oct,23700000,1943952,1933392,1160035,773356,2567500,2809629,10560,Under,P Gupta
FIN0683,PRJ057,2026,Nov,23700000,2047845,2017360,1210416,806944,2567500,2344489,30485,On Budget,S Verma
FIN0684,PRJ057,2026,Dec,23700000,1992100,1680813,1008487,672325,2567500,2613809,311287,On Budget,R Singh
FIN0685,PRJ058,2026,Jan,93800000,7105021,6445981,3867588,2578392,10161666,10416496,659040,Under,V Mehta
FIN0686,PRJ058,2026,Feb,93800000,7229442,8738715,5243229,3495486,10161666,9099559,-1509273,Over,N Kumar
FIN0687,PRJ058,2026,Mar,93800000,8289981,7095414,4257248,2838165,10161666,11433131,1194567,On Budget,R Singh
FIN0688,PRJ058,2026,Apr,93800000,7763368,7846176,4707705,3138470,10161666,9680004,-82808,Over,V Mehta
FIN0689,PRJ058,2026,May,93800000,7458092,7296763,4378057,2918705,10161666,8567177,161329,Over,M Patel
FIN0690,PRJ058,2026,Jun,93800000,8142863,9167494,5500496,3666997,10161666,11604606,-1024631,Under,V Mehta
FIN0691,PRJ058,2026,Jul,93800000,7878147,8750555,5250333,3500222,10161666,9064624,-872408,Over,N Kumar
FIN0692,PRJ058,2026,Aug,93800000,7384857,8227970,4936782,3291188,10161666,11465450,-843113,Under,P Gupta
FIN0693,PRJ058,2026,Sep,93800000,7718825,9117256,5470353,3646902,10161666,10940985,-1398431,Over,V Mehta
FIN0694,PRJ058,2026,Oct,93800000,7580483,8051130,4830678,3220452,10161666,10157245,-470647,On Budget,S Verma
FIN0695,PRJ058,2026,Nov,93800000,7442738,6263920,3758352,2505568,10161666,11669310,1178818,On Budget,S Verma
FIN0696,PRJ058,2026,Dec,93800000,7217353,8253692,4952215,3301476,10161666,10440490,-1036339,On Budget,M Patel
FIN0697,PRJ059,2026,Jan,215000000,18340944,18135752,10881451,7254300,23291666,18639606,205192,On Budget,M Patel
FIN0698,PRJ059,2026,Feb,215000000,18693622,16500167,9900100,6600066,23291666,20439363,2193455,Over,A Sharma
FIN0699,PRJ059,2026,Mar,215000000,19178395,15556550,9333930,6222620,23291666,18277410,3621845,Over,S Verma
FIN0700,PRJ059,2026,Apr,215000000,19112390,14478367,8687020,5791346,23291666,24240169,4634023,On Budget,N Kumar
FIN0701,PRJ059,2026,May,215000000,17250948,18098560,10859136,7239424,23291666,23068458,-847612,On Budget,M Patel
FIN0702,PRJ059,2026,Jun,215000000,17118438,16613268,9967960,6645307,23291666,18309458,505170,On Budget,R Singh
FIN0703,PRJ059,2026,Jul,215000000,16290986,14579884,8747930,5831953,23291666,20877451,1711102,Over,P Gupta
FIN0704,PRJ059,2026,Aug,215000000,18598848,20998124,12598874,8399249,23291666,21807984,-2399276,Over,R Singh
FIN0705,PRJ059,2026,Sep,215000000,16307812,17975294,10785176,7190117,23291666,25945120,-1667482,On Budget,R Singh
FIN0706,PRJ059,2026,Oct,215000000,18702709,18731963,11239177,7492785,23291666,23159097,-29254,On Budget,P Gupta
FIN0707,PRJ059,2026,Nov,215000000,16385079,16735544,10041326,6694217,23291666,20098457,-350465,Under,V Mehta
FIN0708,PRJ059,2026,Dec,215000000,19256457,14578700,8747220,5831480,23291666,18428245,4677757,On Budget,A Sharma
FIN0709,PRJ060,2026,Jan,169100000,15041484,13351074,8010644,5340429,18319166,15722188,1690410,Under,S Verma
FIN0710,PRJ060,2026,Feb,169100000,14637864,14904636,8942781,5961854,18319166,18315802,-266772,Over,V Mehta
FIN0711,PRJ060,2026,Mar,169100000,13959659,11637392,6982435,4654956,18319166,16072202,2322267,Over,S Verma
FIN0712,PRJ060,2026,Apr,169100000,15336977,12025438,7215262,4810175,18319166,19735003,3311539,On Budget,N Kumar
FIN0713,PRJ060,2026,May,169100000,14286615,16432882,9859729,6573152,18319166,14876727,-2146267,On Budget,K Rao
FIN0714,PRJ060,2026,Jun,169100000,14038306,12981033,7788619,5192413,18319166,16463189,1057273,Under,M Patel
FIN0715,PRJ060,2026,Jul,169100000,13564505,13730736,8238441,5492294,18319166,19833116,-166231,On Budget,M Patel
FIN0716,PRJ060,2026,Aug,169100000,13671994,12560530,7536318,5024212,18319166,16412821,1111464,Over,P Gupta
FIN0717,PRJ060,2026,Sep,169100000,14745723,15688132,9412879,6275252,18319166,17519882,-942409,On Budget,K Rao
FIN0718,PRJ060,2026,Oct,169100000,14359814,11853954,7112372,4741581,18319166,20769741,2505860,Under,K Rao
FIN0719,PRJ060,2026,Nov,169100000,13998481,15726338,9435802,6290535,18319166,17021043,-1727857,On Budget,P Gupta
FIN0720,PRJ060,2026,Dec,169100000,13399518,11828884,7097330,4731553,18319166,16203104,1570634,On Budget,K Rao
FIN0721,PRJ061,2026,Jan,213000000,18033858,16877416,10126449,6750966,23075000,18569454,1156442,Under,R Singh
FIN0722,PRJ061,2026,Feb,213000000,17309362,14598617,8759170,5839446,23075000,22933150,2710745,Under,A Sharma
FIN0723,PRJ061,2026,Mar,213000000,19055098,18574291,11144574,7429716,23075000,20885095,480807,Under,R Singh
FIN0724,PRJ061,2026,Apr,213000000,16116262,19924605,11954763,7969842,23075000,22236490,-3808343,On Budget,M Patel
FIN0725,PRJ061,2026,May,213000000,16136780,19993166,11995899,7997266,23075000,19745902,-3856386,On Budget,V Mehta
FIN0726,PRJ061,2026,Jun,213000000,16726026,17289980,10373988,6915992,23075000,26100595,-563954,Under,N Kumar
FIN0727,PRJ061,2026,Jul,213000000,18430108,14446856,8668113,5778742,23075000,24550898,3983252,Under,R Singh
FIN0728,PRJ061,2026,Aug,213000000,17757068,16437409,9862445,6574963,23075000,24700136,1319659,On Budget,S Verma
FIN0729,PRJ061,2026,Sep,213000000,16908500,14573443,8744065,5829377,23075000,19489365,2335057,On Budget,P Gupta
FIN0730,PRJ061,2026,Oct,213000000,18787939,18765427,11259256,7506170,23075000,18288348,22512,On Budget,N Kumar
FIN0731,PRJ061,2026,Nov,213000000,16704741,14509754,8705852,5803901,23075000,25126660,2194987,Under,N Kumar
FIN0732,PRJ061,2026,Dec,213000000,19284714,17594839,10556903,7037935,23075000,18875424,1689875,On Budget,V Mehta
FIN0733,PRJ062,2026,Jan,134300000,11873117,12649094,7589456,5059637,14549166,14439240,-775977,Over,V Mehta
FIN0734,PRJ062,2026,Feb,134300000,11101539,9455906,5673543,3782362,14549166,15696189,1645633,Under,P Gupta
FIN0735,PRJ062,2026,Mar,134300000,11414362,12078110,7246866,4831244,14549166,14209961,-663748,Over,K Rao
FIN0736,PRJ062,2026,Apr,134300000,12146055,9873866,5924319,3949546,14549166,12282445,2272189,On Budget,P Gupta
FIN0737,PRJ062,2026,May,134300000,11423337,8998340,5399004,3599336,14549166,11688745,2424997,Under,R Singh
FIN0738,PRJ062,2026,Jun,134300000,10083861,11751589,7050953,4700635,14549166,14424601,-1667728,On Budget,N Kumar
FIN0739,PRJ062,2026,Jul,134300000,10643477,9774145,5864487,3909658,14549166,14559929,869332,On Budget,R Singh
FIN0740,PRJ062,2026,Aug,134300000,10127087,11731196,7038717,4692478,14549166,11910164,-1604109,Over,A Sharma
FIN0741,PRJ062,2026,Sep,134300000,11782236,9056202,5433721,3622480,14549166,13049912,2726034,Under,A Sharma
FIN0742,PRJ062,2026,Oct,134300000,10686695,10601259,6360755,4240503,14549166,14845887,85436,Under,M Patel
FIN0743,PRJ062,2026,Nov,134300000,12289133,12743552,7646131,5097420,14549166,12833910,-454419,Under,A Sharma
FIN0744,PRJ062,2026,Dec,134300000,11776104,11307975,6784785,4523190,14549166,11799158,468129,Under,N Kumar
FIN0745,PRJ063,2026,Jan,165300000,14684042,11497693,6898615,4599077,17907500,16935178,3186349,Under,R Singh
FIN0746,PRJ063,2026,Feb,165300000,13839619,11233575,6740145,4493430,17907500,17216703,2606044,Over,R Singh
FIN0747,PRJ063,2026,Mar,165300000,14912407,13914352,8348611,5565740,17907500,18249294,998055,On Budget,S Verma
FIN0748,PRJ063,2026,Apr,165300000,13867303,12416797,7450078,4966718,17907500,20264433,1450506,On Budget,V Mehta
FIN0749,PRJ063,2026,May,165300000,14090815,15014940,9008964,6005976,17907500,15579783,-924125,Over,R Singh
FIN0750,PRJ063,2026,Jun,165300000,14800002,14576276,8745765,5830510,17907500,18884534,223726,Under,K Rao
FIN0751,PRJ063,2026,Jul,165300000,13368753,16038215,9622929,6415286,17907500,14858680,-2669462,Under,S Verma
FIN0752,PRJ063,2026,Aug,165300000,14505854,16030386,9618231,6412154,17907500,18452295,-1524532,On Budget,A Sharma
FIN0753,PRJ063,2026,Sep,165300000,13499030,14437703,8662621,5775081,17907500,15191498,-938673,Under,N Kumar
FIN0754,PRJ063,2026,Oct,165300000,13186934,16208559,9725135,6483423,17907500,15069095,-3021625,Over,P Gupta
FIN0755,PRJ063,2026,Nov,165300000,15151101,12427864,7456718,4971145,17907500,17112079,2723237,Over,S Verma
FIN0756,PRJ063,2026,Dec,165300000,12922764,11625236,6975141,4650094,17907500,16705920,1297528,Under,S Verma
FIN0757,PRJ064,2026,Jan,188500000,16507811,17769094,10661456,7107637,20420833,18878034,-1261283,On Budget,K Rao
FIN0758,PRJ064,2026,Feb,188500000,14707493,13032120,7819272,5212848,20420833,18478121,1675373,On Budget,P Gupta
FIN0759,PRJ064,2026,Mar,188500000,14498648,15616762,9370057,6246704,20420833,23150307,-1118114,On Budget,M Patel
FIN0760,PRJ064,2026,Apr,188500000,14824804,17538723,10523233,7015489,20420833,23023229,-2713919,Under,P Gupta
FIN0761,PRJ064,2026,May,188500000,14375875,14745595,8847357,5898238,20420833,20138928,-369720,Over,M Patel
FIN0762,PRJ064,2026,Jun,188500000,14698671,15039271,9023562,6015708,20420833,16648219,-340600,Over,V Mehta
FIN0763,PRJ064,2026,Jul,188500000,16526597,15191735,9115041,6076694,20420833,20320876,1334862,On Budget,P Gupta
FIN0764,PRJ064,2026,Aug,188500000,16803716,12896160,7737696,5158464,20420833,18335057,3907556,Over,M Patel
FIN0765,PRJ064,2026,Sep,188500000,15681585,14391340,8634804,5756536,20420833,21992306,1290245,On Budget,M Patel
FIN0766,PRJ064,2026,Oct,188500000,16158069,17206310,10323786,6882524,20420833,22120500,-1048241,Under,R Singh
FIN0767,PRJ064,2026,Nov,188500000,16429810,16793193,10075915,6717277,20420833,21818544,-363383,Over,A Sharma
FIN0768,PRJ064,2026,Dec,188500000,15054639,12917060,7750236,5166824,20420833,18564862,2137579,Under,S Verma
FIN0769,PRJ065,2026,Jan,160600000,13249073,12271657,7362994,4908662,17398333,17587263,977416,Under,P Gupta
FIN0770,PRJ065,2026,Feb,160600000,14365972,11822877,7093726,4729150,17398333,13576653,2543095,On Budget,K Rao
FIN0771,PRJ065,2026,Mar,160600000,14297202,15521805,9313083,6208722,17398333,13409594,-1224603,Under,S Verma
FIN0772,PRJ065,2026,Apr,160600000,13071160,15456400,9273840,6182560,17398333,14983590,-2385240,Over,A Sharma
FIN0773,PRJ065,2026,May,160600000,14141448,14192004,8515202,5676801,17398333,16638823,-50556,Over,A Sharma
FIN0774,PRJ065,2026,Jun,160600000,14442079,13732312,8239387,5492924,17398333,17104846,709767,On Budget,R Singh
FIN0775,PRJ065,2026,Jul,160600000,12453928,12185008,7311004,4874003,17398333,18921041,268920,Over,N Kumar
FIN0776,PRJ065,2026,Aug,160600000,12084965,11659024,6995414,4663609,17398333,13641025,425941,Under,S Verma
FIN0777,PRJ065,2026,Sep,160600000,14571988,13484997,8090998,5393998,17398333,16770892,1086991,Under,A Sharma
FIN0778,PRJ065,2026,Oct,160600000,12535427,10710374,6426224,4284149,17398333,19865187,1825053,Under,A Sharma
FIN0779,PRJ065,2026,Nov,160600000,12820315,14145345,8487207,5658138,17398333,13944379,-1325030,Under,N Kumar
FIN0780,PRJ065,2026,Dec,160600000,12421210,15884940,9530964,6353976,17398333,18019244,-3463730,Over,M Patel
FIN0781,PRJ066,2026,Jan,150200000,11928061,13345131,8007078,5338052,16271666,18100956,-1417070,On Budget,P Gupta
FIN0782,PRJ066,2026,Feb,150200000,11994340,11643066,6985839,4657226,16271666,14436581,351274,Under,A Sharma
FIN0783,PRJ066,2026,Mar,150200000,12542667,10324933,6194959,4129973,16271666,15595678,2217734,On Budget,S Verma
FIN0784,PRJ066,2026,Apr,150200000,11463396,12191579,7314947,4876631,16271666,12681338,-728183,On Budget,R Singh
FIN0785,PRJ066,2026,May,150200000,12238212,10236705,6142023,4094682,16271666,16770503,2001507,Under,V Mehta
FIN0786,PRJ066,2026,Jun,150200000,13309405,14028853,8417311,5611541,16271666,15927526,-719448,Under,S Verma
FIN0787,PRJ066,2026,Jul,150200000,11269321,10084763,6050857,4033905,16271666,16369192,1184558,On Budget,K Rao
FIN0788,PRJ066,2026,Aug,150200000,13414163,10725658,6435394,4290263,16271666,15896131,2688505,Under,A Sharma
FIN0789,PRJ066,2026,Sep,150200000,12129048,12452942,7471765,4981176,16271666,14800932,-323894,On Budget,K Rao
FIN0790,PRJ066,2026,Oct,150200000,13495063,14614020,8768412,5845608,16271666,13337038,-1118957,Over,S Verma
FIN0791,PRJ066,2026,Nov,150200000,13008075,10657066,6394239,4262826,16271666,15487867,2351009,On Budget,M Patel
FIN0792,PRJ066,2026,Dec,150200000,11986907,13990462,8394277,5596184,16271666,13482039,-2003555,On Budget,K Rao
FIN0793,PRJ067,2026,Jan,15600000,1429148,1164013,698407,465605,1690000,1773371,265135,On Budget,P Gupta
FIN0794,PRJ067,2026,Feb,15600000,1337473,1552021,931212,620808,1690000,1408860,-214548,Under,V Mehta
FIN0795,PRJ067,2026,Mar,15600000,1187528,1064803,638881,425921,1690000,1829987,122725,Under,R Singh
FIN0796,PRJ067,2026,Apr,15600000,1357283,1335907,801544,534362,1690000,1772392,21376,Over,P Gupta
FIN0797,PRJ067,2026,May,15600000,1236165,1266920,760152,506768,1690000,1411784,-30755,Over,N Kumar
FIN0798,PRJ067,2026,Jun,15600000,1254991,1067522,640513,427008,1690000,1768653,187469,On Budget,A Sharma
FIN0799,PRJ067,2026,Jul,15600000,1283145,1326281,795768,530512,1690000,1485686,-43136,On Budget,N Kumar
FIN0800,PRJ067,2026,Aug,15600000,1399844,1158972,695383,463588,1690000,1866641,240872,Under,A Sharma
FIN0801,PRJ067,2026,Sep,15600000,1222298,1362626,817575,545050,1690000,1647471,-140328,Over,V Mehta
FIN0802,PRJ067,2026,Oct,15600000,1414333,1439919,863951,575967,1690000,1509156,-25586,Under,S Verma
FIN0803,PRJ067,2026,Nov,15600000,1349745,1469045,881427,587618,1690000,1325071,-119300,Under,M Patel
FIN0804,PRJ067,2026,Dec,15600000,1371008,1338942,803365,535576,1690000,1793959,32066,Under,M Patel
FIN0805,PRJ068,2026,Jan,203400000,17653345,14601497,8760898,5840598,22035000,20366142,3051848,On Budget,V Mehta
FIN0806,PRJ068,2026,Feb,203400000,15598736,18267861,10960716,7307144,22035000,21814356,-2669125,On Budget,R Singh
FIN0807,PRJ068,2026,Mar,203400000,16727300,17522758,10513654,7009103,22035000,23101548,-795458,On Budget,K Rao
FIN0808,PRJ068,2026,Apr,203400000,15545402,13899440,8339664,5559776,22035000,24521968,1645962,Over,M Patel
FIN0809,PRJ068,2026,May,203400000,16822831,16951080,10170648,6780432,22035000,24934094,-128249,Under,R Singh
FIN0810,PRJ068,2026,Jun,203400000,15899240,15176424,9105854,6070569,22035000,16958995,722816,Over,K Rao
FIN0811,PRJ068,2026,Jul,203400000,15509516,19027495,11416497,7610998,22035000,17026034,-3517979,On Budget,S Verma
FIN0812,PRJ068,2026,Aug,203400000,18208083,15685872,9411523,6274348,22035000,23324029,2522211,On Budget,S Verma
FIN0813,PRJ068,2026,Sep,203400000,17267750,18656134,11193680,7462453,22035000,20787270,-1388384,Over,K Rao
FIN0814,PRJ068,2026,Oct,203400000,15471154,18845191,11307114,7538076,22035000,20114118,-3374037,On Budget,K Rao
FIN0815,PRJ068,2026,Nov,203400000,17817250,17592502,10555501,7037000,22035000,19710805,224748,Over,A Sharma
FIN0816,PRJ068,2026,Dec,203400000,16648206,19264113,11558467,7705645,22035000,19146228,-2615907,Under,M Patel
FIN0817,PRJ069,2026,Jan,5500000,462540,479046,287427,191618,595833,560128,-16506,On Budget,R Singh
FIN0818,PRJ069,2026,Feb,5500000,439691,491053,294631,196421,595833,532797,-51362,Under,M Patel
FIN0819,PRJ069,2026,Mar,5500000,418086,397652,238591,159060,595833,579799,20434,Under,A Sharma
FIN0820,PRJ069,2026,Apr,5500000,414107,501665,300999,200666,595833,651538,-87558,Under,P Gupta
FIN0821,PRJ069,2026,May,5500000,434437,540099,324059,216039,595833,642187,-105662,Over,P Gupta
FIN0822,PRJ069,2026,Jun,5500000,418806,499321,299592,199728,595833,523584,-80515,Under,M Patel
FIN0823,PRJ069,2026,Jul,5500000,438375,495854,297512,198341,595833,647876,-57479,Over,S Verma
FIN0824,PRJ069,2026,Aug,5500000,415818,432985,259791,173194,595833,461101,-17167,Over,M Patel
FIN0825,PRJ069,2026,Sep,5500000,461573,486746,292047,194698,595833,608417,-25173,Over,K Rao
FIN0826,PRJ069,2026,Oct,5500000,486395,430255,258153,172102,595833,473046,56140,On Budget,A Sharma
FIN0827,PRJ069,2026,Nov,5500000,426098,476981,286188,190792,595833,619518,-50883,Under,A Sharma
FIN0828,PRJ069,2026,Dec,5500000,474438,376143,225685,150457,595833,666839,98295,On Budget,R Singh
FIN0829,PRJ070,2026,Jan,153100000,14030387,14900339,8940203,5960135,16585833,14127422,-869952,On Budget,R Singh
FIN0830,PRJ070,2026,Feb,153100000,12333022,12473179,7483907,4989271,16585833,17237323,-140157,On Budget,N Kumar
FIN0831,PRJ070,2026,Mar,153100000,13155371,12991423,7794853,5196569,16585833,17115493,163948,On Budget,V Mehta
FIN0832,PRJ070,2026,Apr,153100000,13245813,10496211,6297726,4198484,16585833,13391651,2749602,Under,K Rao
FIN0833,PRJ070,2026,May,153100000,12119356,13308182,7984909,5323272,16585833,15042671,-1188826,Under,P Gupta
FIN0834,PRJ070,2026,Jun,153100000,13649613,14320407,8592244,5728162,16585833,16351440,-670794,Over,N Kumar
FIN0835,PRJ070,2026,Jul,153100000,12144811,14980740,8988444,5992296,16585833,18212791,-2835929,On Budget,N Kumar
FIN0836,PRJ070,2026,Aug,153100000,13375416,12887800,7732680,5155120,16585833,18053696,487616,Under,K Rao
FIN0837,PRJ070,2026,Sep,153100000,12470913,13766495,8259897,5506598,16585833,12766237,-1295582,Under,P Gupta
FIN0838,PRJ070,2026,Oct,153100000,12485840,12586429,7551857,5034571,16585833,15170248,-100589,On Budget,P Gupta
FIN0839,PRJ070,2026,Nov,153100000,12705538,12272089,7363253,4908835,16585833,19067819,433449,Over,A Sharma
FIN0840,PRJ070,2026,Dec,153100000,11881361,10413259,6247955,4165303,16585833,15349652,1468102,On Budget,S Verma
FIN0841,PRJ071,2026,Jan,190800000,16059466,14930092,8958055,5972036,20670000,17978515,1129374,On Budget,V Mehta
FIN0842,PRJ071,2026,Feb,190800000,16319544,16882747,10129648,6753098,20670000,20700884,-563203,Over,N Kumar
FIN0843,PRJ071,2026,Mar,190800000,14466414,16584670,9950802,6633868,20670000,22920568,-2118256,Over,A Sharma
FIN0844,PRJ071,2026,Apr,190800000,15198211,18009858,10805914,7203943,20670000,21178912,-2811647,On Budget,M Patel
FIN0845,PRJ071,2026,May,190800000,14754648,15075364,9045218,6030145,20670000,20404900,-320716,Under,V Mehta
FIN0846,PRJ071,2026,Jun,190800000,15077890,12865546,7719327,5146218,20670000,17473936,2212344,On Budget,V Mehta
FIN0847,PRJ071,2026,Jul,190800000,15226721,13530771,8118462,5412308,20670000,22954493,1695950,Under,R Singh
FIN0848,PRJ071,2026,Aug,190800000,14910390,16905343,10143205,6762137,20670000,18270929,-1994953,On Budget,V Mehta
FIN0849,PRJ071,2026,Sep,190800000,17010754,16388717,9833230,6555486,20670000,22858483,622037,On Budget,P Gupta
FIN0850,PRJ071,2026,Oct,190800000,14380451,13492298,8095378,5396919,20670000,21534550,888153,On Budget,V Mehta
FIN0851,PRJ071,2026,Nov,190800000,17183345,18548415,11129049,7419366,20670000,20158984,-1365070,Over,V Mehta
FIN0852,PRJ071,2026,Dec,190800000,16556550,17752090,10651254,7100836,20670000,20212106,-1195540,Under,N Kumar
FIN0853,PRJ072,2026,Jan,208900000,16225910,13983642,8390185,5593456,22630833,22505948,2242268,On Budget,K Rao
FIN0854,PRJ072,2026,Feb,208900000,16029679,15704273,9422563,6281709,22630833,21081644,325406,On Budget,P Gupta
FIN0855,PRJ072,2026,Mar,208900000,16846725,18816792,11290075,7526716,22630833,20313632,-1970067,Under,A Sharma
FIN0856,PRJ072,2026,Apr,208900000,18155102,17397600,10438560,6959040,22630833,19992046,757502,Over,S Verma
FIN0857,PRJ072,2026,May,208900000,18209488,16835317,10101190,6734126,22630833,17861258,1374171,Under,M Patel
FIN0858,PRJ072,2026,Jun,208900000,18136867,17036046,10221627,6814418,22630833,21272819,1100821,Under,K Rao
FIN0859,PRJ072,2026,Jul,208900000,18253581,16591462,9954877,6636584,22630833,24353836,1662119,On Budget,N Kumar
FIN0860,PRJ072,2026,Aug,208900000,16207761,14016360,8409816,5606544,22630833,22526951,2191401,Under,P Gupta
FIN0861,PRJ072,2026,Sep,208900000,16138140,20274027,12164416,8109610,22630833,17691389,-4135887,On Budget,A Sharma
FIN0862,PRJ072,2026,Oct,208900000,17184881,17293300,10375980,6917320,22630833,21011633,-108419,On Budget,V Mehta
FIN0863,PRJ072,2026,Nov,208900000,18614278,20406767,12244060,8162706,22630833,20748642,-1792489,On Budget,M Patel
FIN0864,PRJ072,2026,Dec,208900000,17808532,19577514,11746508,7831005,22630833,17693868,-1768982,Under,S Verma
FIN0865,PRJ073,2026,Jan,41400000,3295852,4086273,2451763,1634509,4485000,4031935,-790421,Over,M Patel
FIN0866,PRJ073,2026,Feb,41400000,3749675,3683844,2210306,1473537,4485000,4568705,65831,Under,R Singh
FIN0867,PRJ073,2026,Mar,41400000,3724494,2804652,1682791,1121860,4485000,4324347,919842,Under,M Patel
FIN0868,PRJ073,2026,Apr,41400000,3355844,3475616,2085369,1390246,4485000,3807773,-119772,Under,N Kumar
FIN0869,PRJ073,2026,May,41400000,3510537,3599267,2159560,1439706,4485000,3706865,-88730,Over,K Rao
FIN0870,PRJ073,2026,Jun,41400000,3334497,2902005,1741203,1160802,4485000,3620081,432492,On Budget,P Gupta
FIN0871,PRJ073,2026,Jul,41400000,3596867,3129919,1877951,1251967,4485000,5057290,466948,Under,A Sharma
FIN0872,PRJ073,2026,Aug,41400000,3499220,4058996,2435397,1623598,4485000,4307457,-559776,Under,M Patel
FIN0873,PRJ073,2026,Sep,41400000,3169685,3469570,2081742,1387828,4485000,4369396,-299885,On Budget,R Singh
FIN0874,PRJ073,2026,Oct,41400000,3253026,3092815,1855689,1237126,4485000,4788502,160211,Over,A Sharma
FIN0875,PRJ073,2026,Nov,41400000,3294229,3646275,2187765,1458510,4485000,4167600,-352046,On Budget,N Kumar
FIN0876,PRJ073,2026,Dec,41400000,3320611,2785269,1671161,1114107,4485000,3643804,535342,Under,R Singh
FIN0877,PRJ074,2026,Jan,104000000,7930663,7401795,4441077,2960718,11266666,9211063,528868,On Budget,K Rao
FIN0878,PRJ074,2026,Feb,104000000,8131851,9840364,5904218,3936145,11266666,12407186,-1708513,On Budget,P Gupta
FIN0879,PRJ074,2026,Mar,104000000,8623004,8069160,4841496,3227664,11266666,11878318,553844,On Budget,K Rao
FIN0880,PRJ074,2026,Apr,104000000,8800751,9607153,5764291,3842861,11266666,9014507,-806402,On Budget,N Kumar
FIN0881,PRJ074,2026,May,104000000,9192795,9444068,5666440,3777627,11266666,11422849,-251273,On Budget,R Singh
FIN0882,PRJ074,2026,Jun,104000000,9307034,8344198,5006518,3337679,11266666,11923254,962836,Under,M Patel
FIN0883,PRJ074,2026,Jul,104000000,8721569,7384247,4430548,2953698,11266666,12364152,1337322,Over,V Mehta
FIN0884,PRJ074,2026,Aug,104000000,7822383,7497300,4498380,2998920,11266666,12553569,325083,Over,M Patel
FIN0885,PRJ074,2026,Sep,104000000,8208033,7478749,4487249,2991499,11266666,11819178,729284,Under,K Rao
FIN0886,PRJ074,2026,Oct,104000000,9417124,10327597,6196558,4131038,11266666,10535968,-910473,Over,K Rao
FIN0887,PRJ074,2026,Nov,104000000,8338749,7636793,4582075,3054717,11266666,9527317,701956,Over,R Singh
FIN0888,PRJ074,2026,Dec,104000000,8909160,8489394,5093636,3395757,11266666,12787870,419766,On Budget,P Gupta
FIN0889,PRJ075,2026,Jan,202600000,16403665,17996917,10798150,7198766,21948333,19501311,-1593252,Over,M Patel
FIN0890,PRJ075,2026,Feb,202600000,15337932,15219971,9131982,6087988,21948333,23675364,117961,On Budget,V Mehta
FIN0891,PRJ075,2026,Mar,202600000,17472030,20041443,12024865,8016577,21948333,17198940,-2569413,Under,M Patel
FIN0892,PRJ075,2026,Apr,202600000,17566520,17406818,10444090,6962727,21948333,25093546,159702,On Budget,N Kumar
FIN0893,PRJ075,2026,May,202600000,17420408,17872450,10723470,7148980,21948333,21174643,-452042,On Budget,N Kumar
FIN0894,PRJ075,2026,Jun,202600000,17504373,19818838,11891302,7927535,21948333,22764530,-2314465,On Budget,V Mehta
FIN0895,PRJ075,2026,Jul,202600000,17374076,19694543,11816725,7877817,21948333,24680038,-2320467,Under,P Gupta
FIN0896,PRJ075,2026,Aug,202600000,16389099,13722835,8233701,5489134,21948333,18316428,2666264,On Budget,K Rao
FIN0897,PRJ075,2026,Sep,202600000,18419714,15072817,9043690,6029126,21948333,22121223,3346897,Under,M Patel
FIN0898,PRJ075,2026,Oct,202600000,17552642,19837943,11902765,7935177,21948333,21522907,-2285301,On Budget,V Mehta
FIN0899,PRJ075,2026,Nov,202600000,15300049,14375530,8625318,5750212,21948333,25086946,924519,Under,M Patel
FIN0900,PRJ075,2026,Dec,202600000,16005550,17137294,10282376,6854917,21948333,22313880,-1131744,Under,R Singh
FIN0901,PRJ076,2026,Jan,178100000,14744128,13838245,8302947,5535298,19294166,15743469,905883,On Budget,M Patel
FIN0902,PRJ076,2026,Feb,178100000,15115042,13839404,8303642,5535761,19294166,17684784,1275638,Under,N Kumar
FIN0903,PRJ076,2026,Mar,178100000,14452145,17007821,10204692,6803128,19294166,20160931,-2555676,Over,S Verma
FIN0904,PRJ076,2026,Apr,178100000,15600163,12848129,7708877,5139251,19294166,16231210,2752034,On Budget,N Kumar
FIN0905,PRJ076,2026,May,178100000,16270566,15393555,9236133,6157422,19294166,16731744,877011,On Budget,S Verma
FIN0906,PRJ076,2026,Jun,178100000,13534716,12755862,7653517,5102344,19294166,21210807,778854,On Budget,M Patel
FIN0907,PRJ076,2026,Jul,178100000,14622818,13151306,7890783,5260522,19294166,21068964,1471512,Under,N Kumar
FIN0908,PRJ076,2026,Aug,178100000,13724691,14396029,8637617,5758411,19294166,20079330,-671338,Under,K Rao
FIN0909,PRJ076,2026,Sep,178100000,14876301,14150284,8490170,5660113,19294166,19512942,726017,Over,V Mehta
FIN0910,PRJ076,2026,Oct,178100000,16040167,14683632,8810179,5873452,19294166,19046614,1356535,Under,K Rao
FIN0911,PRJ076,2026,Nov,178100000,15690440,11998632,7199179,4799452,19294166,19631109,3691808,On Budget,A Sharma
FIN0912,PRJ076,2026,Dec,178100000,14550661,11896232,7137739,4758492,19294166,22030015,2654429,On Budget,M Patel
FIN0913,PRJ077,2026,Jan,207300000,18901675,18382468,11029480,7352987,22457500,25562427,519207,Under,M Patel
FIN0914,PRJ077,2026,Feb,207300000,16604402,14722174,8833304,5888869,22457500,21633541,1882228,Under,V Mehta
FIN0915,PRJ077,2026,Mar,207300000,16878015,14385618,8631370,5754247,22457500,18519118,2492397,On Budget,V Mehta
FIN0916,PRJ077,2026,Apr,207300000,16865820,17058205,10234923,6823282,22457500,18374374,-192385,On Budget,M Patel
FIN0917,PRJ077,2026,May,207300000,16647576,15779999,9467999,6311999,22457500,19740884,867577,Over,N Kumar
FIN0918,PRJ077,2026,Jun,207300000,18828281,15603056,9361833,6241222,22457500,17467999,3225225,Under,V Mehta
FIN0919,PRJ077,2026,Jul,207300000,16615428,19493611,11696166,7797444,22457500,23761381,-2878183,Over,N Kumar
FIN0920,PRJ077,2026,Aug,207300000,18041579,18318759,10991255,7327503,22457500,24165639,-277180,Under,S Verma
FIN0921,PRJ077,2026,Sep,207300000,18174048,14594620,8756772,5837848,22457500,25134372,3579428,Over,S Verma
FIN0922,PRJ077,2026,Oct,207300000,17134828,18709286,11225571,7483714,22457500,24515565,-1574458,On Budget,A Sharma
FIN0923,PRJ077,2026,Nov,207300000,16194518,14649049,8789429,5859619,22457500,24982667,1545469,On Budget,V Mehta
FIN0924,PRJ077,2026,Dec,207300000,16218894,16552225,9931335,6620890,22457500,20645869,-333331,On Budget,S Verma
FIN0925,PRJ078,2026,Jan,141800000,11188847,11695643,7017385,4678257,15361666,14968716,-506796,Over,P Gupta
FIN0926,PRJ078,2026,Feb,141800000,12004300,12454602,7472761,4981840,15361666,16727260,-450302,Over,A Sharma
FIN0927,PRJ078,2026,Mar,141800000,12536437,13527041,8116224,5410816,15361666,12511871,-990604,Over,R Singh
FIN0928,PRJ078,2026,Apr,141800000,11462599,11751149,7050689,4700459,15361666,17269167,-288550,Over,R Singh
FIN0929,PRJ078,2026,May,141800000,11299008,11711047,7026628,4684418,15361666,12666986,-412039,On Budget,K Rao
FIN0930,PRJ078,2026,Jun,141800000,12475506,12715612,7629367,5086244,15361666,14993217,-240106,Over,P Gupta
FIN0931,PRJ078,2026,Jul,141800000,11164639,9734086,5840451,3893634,15361666,16535621,1430553,On Budget,K Rao
FIN0932,PRJ078,2026,Aug,141800000,12434387,13580638,8148382,5432255,15361666,17039272,-1146251,On Budget,N Kumar
FIN0933,PRJ078,2026,Sep,141800000,12182943,11728722,7037233,4691488,15361666,16484362,454221,On Budget,R Singh
FIN0934,PRJ078,2026,Oct,141800000,12068514,13872024,8323214,5548809,15361666,12541768,-1803510,Over,A Sharma
FIN0935,PRJ078,2026,Nov,141800000,11238499,13641145,8184687,5456458,15361666,14709014,-2402646,Under,A Sharma
FIN0936,PRJ078,2026,Dec,141800000,12281667,9989140,5993484,3995656,15361666,16461533,2292527,Under,R Singh
FIN0937,PRJ079,2026,Jan,145400000,11515511,10702328,6421396,4280931,15751666,16958267,813183,On Budget,R Singh
FIN0938,PRJ079,2026,Feb,145400000,11403995,14507617,8704570,5803046,15751666,14294382,-3103622,Over,P Gupta
FIN0939,PRJ079,2026,Mar,145400000,11255845,12959431,7775658,5183772,15751666,14259167,-1703586,On Budget,V Mehta
FIN0940,PRJ079,2026,Apr,145400000,11514309,12231311,7338786,4892524,15751666,17042468,-717002,Under,K Rao
FIN0941,PRJ079,2026,May,145400000,11788030,11670933,7002559,4668373,15751666,12766261,117097,Over,S Verma
FIN0942,PRJ079,2026,Jun,145400000,13117461,12251830,7351098,4900732,15751666,13525661,865631,Under,N Kumar
FIN0943,PRJ079,2026,Jul,145400000,11568973,10513542,6308125,4205416,15751666,12867015,1055431,Over,V Mehta
FIN0944,PRJ079,2026,Aug,145400000,12264842,13956037,8373622,5582414,15751666,13429662,-1691195,Under,A Sharma
FIN0945,PRJ079,2026,Sep,145400000,11366608,14248242,8548945,5699296,15751666,16484329,-2881634,On Budget,R Singh
FIN0946,PRJ079,2026,Oct,145400000,11306976,10680037,6408022,4272014,15751666,15377220,626939,Under,M Patel
FIN0947,PRJ079,2026,Nov,145400000,11820823,10063232,6037939,4025292,15751666,15667577,1757591,Under,S Verma
FIN0948,PRJ079,2026,Dec,145400000,12048015,11598569,6959141,4639427,15751666,12363009,449446,Over,N Kumar
FIN0949,PRJ080,2026,Jan,70100000,5417654,6414596,3848757,2565838,7594166,7963949,-996942,On Budget,A Sharma
FIN0950,PRJ080,2026,Feb,70100000,6395980,5459450,3275670,2183780,7594166,6806423,936530,Over,P Gupta
FIN0951,PRJ080,2026,Mar,70100000,5459474,5035301,3021180,2014120,7594166,8052488,424173,On Budget,A Sharma
FIN0952,PRJ080,2026,Apr,70100000,6415367,6439711,3863826,2575884,7594166,8095620,-24344,Under,N Kumar
FIN0953,PRJ080,2026,May,70100000,6068872,5229703,3137821,2091881,7594166,6187810,839169,Over,P Gupta
FIN0954,PRJ080,2026,Jun,70100000,5666610,5955204,3573122,2382081,7594166,5964844,-288594,On Budget,R Singh
FIN0955,PRJ080,2026,Jul,70100000,6108866,4791115,2874669,1916446,7594166,6293071,1317751,Over,R Singh
FIN0956,PRJ080,2026,Aug,70100000,5610749,4764159,2858495,1905663,7594166,7794300,846590,Over,R Singh
FIN0957,PRJ080,2026,Sep,70100000,6287758,6504823,3902893,2601929,7594166,8175242,-217065,Under,N Kumar
FIN0958,PRJ080,2026,Oct,70100000,6042610,5791490,3474894,2316596,7594166,5917017,251120,On Budget,N Kumar
FIN0959,PRJ080,2026,Nov,70100000,5625162,5305182,3183109,2122072,7594166,8519644,319980,On Budget,R Singh
FIN0960,PRJ080,2026,Dec,70100000,6028365,5333733,3200239,2133493,7594166,7992265,694632,On Budget,N Kumar
FIN0961,PRJ081,2026,Jan,103100000,8958516,6964793,4178875,2785917,11169166,9269701,1993723,Under,A Sharma
FIN0962,PRJ081,2026,Feb,103100000,8341629,8575783,5145469,3430313,11169166,11308872,-234154,Under,N Kumar
FIN0963,PRJ081,2026,Mar,103100000,8312591,9777851,5866710,3911140,11169166,11540397,-1465260,Under,V Mehta
FIN0964,PRJ081,2026,Apr,103100000,8070573,8536085,5121651,3414434,11169166,10027488,-465512,Over,V Mehta
FIN0965,PRJ081,2026,May,103100000,8867991,9254011,5552406,3701604,11169166,11800796,-386020,Over,N Kumar
FIN0966,PRJ081,2026,Jun,103100000,8519166,7099091,4259454,2839636,11169166,11452776,1420075,Under,K Rao
FIN0967,PRJ081,2026,Jul,103100000,8632427,8293019,4975811,3317207,11169166,12656775,339408,On Budget,A Sharma
FIN0968,PRJ081,2026,Aug,103100000,9423146,10006922,6004153,4002768,11169166,12150322,-583776,Over,S Verma
FIN0969,PRJ081,2026,Sep,103100000,7940954,9969506,5981703,3987802,11169166,11434867,-2028552,Under,S Verma
FIN0970,PRJ081,2026,Oct,103100000,8983941,9359948,5615968,3743979,11169166,11573239,-376007,Under,M Patel
FIN0971,PRJ081,2026,Nov,103100000,8338935,7121280,4272768,2848512,11169166,11171365,1217655,On Budget,V Mehta
FIN0972,PRJ081,2026,Dec,103100000,8012733,8597944,5158766,3439177,11169166,12221740,-585211,Under,N Kumar
FIN0973,PRJ082,2026,Jan,106600000,9533773,9085976,5451585,3634390,11548333,8937525,447797,Under,K Rao
FIN0974,PRJ082,2026,Feb,106600000,9215331,8413704,5048222,3365481,11548333,8899085,801627,Over,A Sharma
FIN0975,PRJ082,2026,Mar,106600000,9112558,9296640,5577984,3718656,11548333,9214103,-184082,On Budget,R Singh
FIN0976,PRJ082,2026,Apr,106600000,9665683,7985276,4791165,3194110,11548333,9297691,1680407,Under,N Kumar
FIN0977,PRJ082,2026,May,106600000,8225238,8063924,4838354,3225569,11548333,10475135,161314,Over,N Kumar
FIN0978,PRJ082,2026,Jun,106600000,8719330,10616989,6370193,4246795,11548333,9484605,-1897659,On Budget,P Gupta
FIN0979,PRJ082,2026,Jul,106600000,8373427,10175032,6105019,4070012,11548333,11459470,-1801605,Over,P Gupta
FIN0980,PRJ082,2026,Aug,106600000,8702379,7924813,4754887,3169925,11548333,9424418,777566,Over,R Singh
FIN0981,PRJ082,2026,Sep,106600000,8389625,7880252,4728151,3152100,11548333,13248406,509373,Under,A Sharma
FIN0982,PRJ082,2026,Oct,106600000,9705699,7156918,4294150,2862767,11548333,13081730,2548781,Under,P Gupta
FIN0983,PRJ082,2026,Nov,106600000,8759133,9946717,5968030,3978686,11548333,12556435,-1187584,Under,N Kumar
FIN0984,PRJ082,2026,Dec,106600000,9414075,8338918,5003350,3335567,11548333,12862597,1075157,On Budget,M Patel
FIN0985,PRJ083,2026,Jan,3500000,265779,270008,162004,108003,379166,418019,-4229,On Budget,N Kumar
FIN0986,PRJ083,2026,Feb,3500000,272164,335956,201573,134382,379166,306189,-63792,On Budget,A Sharma
FIN0987,PRJ083,2026,Mar,3500000,301971,346567,207940,138626,379166,411026,-44596,On Budget,V Mehta
FIN0988,PRJ083,2026,Apr,3500000,277647,249504,149702,99801,379166,372321,28143,Under,S Verma
FIN0989,PRJ083,2026,May,3500000,272558,270157,162094,108062,379166,295534,2401,Over,R Singh
FIN0990,PRJ083,2026,Jun,3500000,298549,343036,205821,137214,379166,329071,-44487,Over,N Kumar
FIN0991,PRJ083,2026,Jul,3500000,317847,241796,145077,96718,379166,322189,76051,Over,A Sharma
FIN0992,PRJ083,2026,Aug,3500000,310403,285538,171322,114215,379166,419050,24865,Under,S Verma
FIN0993,PRJ083,2026,Sep,3500000,292186,243726,146235,97490,379166,313262,48460,Over,M Patel
FIN0994,PRJ083,2026,Oct,3500000,282469,348518,209110,139407,379166,415220,-66049,On Budget,A Sharma
FIN0995,PRJ083,2026,Nov,3500000,276409,261188,156712,104475,379166,335290,15221,Over,M Patel
FIN0996,PRJ083,2026,Dec,3500000,311941,339250,203550,135700,379166,369890,-27309,Over,R Singh
FIN0997,PRJ084,2026,Jan,235500000,20450229,15818767,9491260,6327506,25512500,27824839,4631462,On Budget,S Verma
FIN0998,PRJ084,2026,Feb,235500000,21051755,15992963,9595777,6397185,25512500,26872172,5058792,Under,K Rao
FIN0999,PRJ084,2026,Mar,235500000,20994753,20975494,12585296,8390197,25512500,23874417,19259,On Budget,N Kumar
FIN1000,PRJ084,2026,Apr,235500000,18324047,21654299,12992579,8661719,25512500,28990751,-3330252,Over,R Singh
FIN1001,PRJ084,2026,May,235500000,19231339,22402940,13441764,8961176,25512500,27390200,-3171601,Over,K Rao
FIN1002,PRJ084,2026,Jun,235500000,20418275,22318119,13390871,8927247,25512500,23605162,-1899844,On Budget,A Sharma
FIN1003,PRJ084,2026,Jul,235500000,18153237,17101346,10260807,6840538,25512500,24314048,1051891,Under,M Patel
FIN1004,PRJ084,2026,Aug,235500000,18961487,16588293,9952975,6635317,25512500,20981027,2373194,Over,K Rao
FIN1005,PRJ084,2026,Sep,235500000,20519262,21642092,12985255,8656836,25512500,20278469,-1122830,Over,A Sharma
FIN1006,PRJ084,2026,Oct,235500000,21356013,17366690,10420014,6946676,25512500,28274935,3989323,Over,P Gupta
FIN1007,PRJ084,2026,Nov,235500000,18337920,15897897,9538738,6359158,25512500,26368425,2440023,On Budget,N Kumar
FIN1008,PRJ084,2026,Dec,235500000,18167729,21294094,12776456,8517637,25512500,24199317,-3126365,Under,R Singh
FIN1009,PRJ085,2026,Jan,177300000,13903308,12704150,7622490,5081660,19207500,16058712,1199158,Under,A Sharma
FIN1010,PRJ085,2026,Feb,177300000,16200099,16264876,9758925,6505950,19207500,15661608,-64777,Over,A Sharma
FIN1011,PRJ085,2026,Mar,177300000,14075383,17161953,10297171,6864781,19207500,19670423,-3086570,On Budget,P Gupta
FIN1012,PRJ085,2026,Apr,177300000,15398687,16892504,10135502,6757001,19207500,17030952,-1493817,Under,S Verma
FIN1013,PRJ085,2026,May,177300000,15208363,12384538,7430722,4953815,19207500,17946172,2823825,Under,S Verma
FIN1014,PRJ085,2026,Jun,177300000,14923768,14792278,8875366,5916911,19207500,19880646,131490,On Budget,N Kumar
FIN1015,PRJ085,2026,Jul,177300000,16248813,15921015,9552609,6368406,19207500,16578491,327798,On Budget,V Mehta
FIN1016,PRJ085,2026,Aug,177300000,15498056,15478212,9286927,6191284,19207500,18408142,19844,Under,N Kumar
FIN1017,PRJ085,2026,Sep,177300000,15314311,12301031,7380618,4920412,19207500,21213702,3013280,On Budget,P Gupta
FIN1018,PRJ085,2026,Oct,177300000,13718540,16416151,9849690,6566460,19207500,16054939,-2697611,On Budget,P Gupta
FIN1019,PRJ085,2026,Nov,177300000,13702019,13503076,8101845,5401230,19207500,15405971,198943,Under,K Rao
FIN1020,PRJ085,2026,Dec,177300000,15737574,17162123,10297273,6864849,19207500,17158017,-1424549,Over,V Mehta
FIN1021,PRJ086,2026,Jan,40100000,3392293,3865216,2319129,1546086,4344166,3756824,-472923,Over,P Gupta
FIN1022,PRJ086,2026,Feb,40100000,3206384,3415427,2049256,1366170,4344166,4956728,-209043,On Budget,S Verma
FIN1023,PRJ086,2026,Mar,40100000,3063063,3021702,1813021,1208680,4344166,3511908,41361,On Budget,V Mehta
FIN1024,PRJ086,2026,Apr,40100000,3325860,3384668,2030800,1353867,4344166,4950847,-58808,Over,M Patel
FIN1025,PRJ086,2026,May,40100000,3102652,2889383,1733629,1155753,4344166,3904779,213269,Under,N Kumar
FIN1026,PRJ086,2026,Jun,40100000,3275361,2895909,1737545,1158363,4344166,4343214,379452,Under,A Sharma
FIN1027,PRJ086,2026,Jul,40100000,3606277,3386126,2031675,1354450,4344166,3365007,220151,On Budget,S Verma
FIN1028,PRJ086,2026,Aug,40100000,3132560,3426224,2055734,1370489,4344166,3409349,-293664,Over,S Verma
FIN1029,PRJ086,2026,Sep,40100000,3650814,3203177,1921906,1281270,4344166,4146339,447637,On Budget,N Kumar
FIN1030,PRJ086,2026,Oct,40100000,3287585,3993516,2396109,1597406,4344166,4673776,-705931,On Budget,V Mehta
FIN1031,PRJ086,2026,Nov,40100000,3337662,3573651,2144190,1429460,4344166,4224495,-235989,On Budget,N Kumar
FIN1032,PRJ086,2026,Dec,40100000,3255951,3262623,1957573,1305049,4344166,4020021,-6672,Under,K Rao
FIN1033,PRJ087,2026,Jan,184400000,16800811,15873532,9524119,6349412,19976666,19233580,927279,On Budget,N Kumar
FIN1034,PRJ087,2026,Feb,184400000,13901367,17558596,10535157,7023438,19976666,17944055,-3657229,Under,N Kumar
FIN1035,PRJ087,2026,Mar,184400000,15331014,12642798,7585678,5057119,19976666,20682097,2688216,Over,K Rao
FIN1036,PRJ087,2026,Apr,184400000,15254962,12364071,7418442,4945628,19976666,19415489,2890891,Under,P Gupta
FIN1037,PRJ087,2026,May,184400000,15421543,17070592,10242355,6828236,19976666,18168718,-1649049,On Budget,V Mehta
FIN1038,PRJ087,2026,Jun,184400000,16316804,17172332,10303399,6868932,19976666,18413143,-855528,On Budget,M Patel
FIN1039,PRJ087,2026,Jul,184400000,16106654,12322520,7393512,4929008,19976666,21204166,3784134,Over,R Singh
FIN1040,PRJ087,2026,Aug,184400000,16714714,15220894,9132536,6088357,19976666,15857891,1493820,Under,R Singh
FIN1041,PRJ087,2026,Sep,184400000,15936986,17459263,10475557,6983705,19976666,22936342,-1522277,Over,N Kumar
FIN1042,PRJ087,2026,Oct,184400000,14827822,15977837,9586702,6391134,19976666,21414476,-1150015,Under,R Singh
FIN1043,PRJ087,2026,Nov,184400000,16309377,12875580,7725348,5150232,19976666,19305370,3433797,On Budget,P Gupta
FIN1044,PRJ087,2026,Dec,184400000,16015619,13751167,8250700,5500466,19976666,16792972,2264452,On Budget,M Patel
FIN1045,PRJ088,2026,Jan,187900000,15118353,14933621,8960172,5973448,20355833,22145225,184732,Over,P Gupta
FIN1046,PRJ088,2026,Feb,187900000,16079353,15806094,9483656,6322437,20355833,19652543,273259,Over,M Patel
FIN1047,PRJ088,2026,Mar,187900000,14501574,18203680,10922208,7281472,20355833,20861800,-3702106,Under,M Patel
FIN1048,PRJ088,2026,Apr,187900000,14971032,18440428,11064256,7376171,20355833,19685307,-3469396,Over,M Patel
FIN1049,PRJ088,2026,May,187900000,14549034,15746476,9447885,6298590,20355833,15958575,-1197442,Over,P Gupta
FIN1050,PRJ088,2026,Jun,187900000,16454313,13522434,8113460,5408973,20355833,18613233,2931879,On Budget,M Patel
FIN1051,PRJ088,2026,Jul,187900000,16208884,13483583,8090149,5393433,20355833,19854512,2725301,Under,S Verma
FIN1052,PRJ088,2026,Aug,187900000,16324752,14167135,8500281,5666854,20355833,16208853,2157617,Over,M Patel
FIN1053,PRJ088,2026,Sep,187900000,15859238,16674192,10004515,6669676,20355833,20678809,-814954,On Budget,A Sharma
FIN1054,PRJ088,2026,Oct,187900000,15017577,15468797,9281278,6187518,20355833,22284309,-451220,On Budget,V Mehta
FIN1055,PRJ088,2026,Nov,187900000,15602078,18111463,10866877,7244585,20355833,21273321,-2509385,On Budget,R Singh
FIN1056,PRJ088,2026,Dec,187900000,14620419,13974347,8384608,5589738,20355833,17545708,646072,On Budget,S Verma
FIN1057,PRJ089,2026,Jan,224700000,17962625,22329131,13397478,8931652,24342500,22266155,-4366506,Under,K Rao
FIN1058,PRJ089,2026,Feb,224700000,18018807,20270248,12162148,8108099,24342500,20532560,-2251441,On Budget,R Singh
FIN1059,PRJ089,2026,Mar,224700000,19322450,20388608,12233164,8155443,24342500,24886830,-1066158,On Budget,S Verma
FIN1060,PRJ089,2026,Apr,224700000,18216051,18491812,11095087,7396724,24342500,25044994,-275761,On Budget,K Rao
FIN1061,PRJ089,2026,May,224700000,16916979,18569793,11141875,7427917,24342500,19885654,-1652814,On Budget,N Kumar
FIN1062,PRJ089,2026,Jun,224700000,20104192,17687415,10612449,7074966,24342500,25452067,2416777,Under,A Sharma
FIN1063,PRJ089,2026,Jul,224700000,17921627,17718335,10631001,7087334,24342500,18726546,203292,Under,V Mehta
FIN1064,PRJ089,2026,Aug,224700000,20133841,15206330,9123798,6082532,24342500,25684690,4927511,Over,P Gupta
FIN1065,PRJ089,2026,Sep,224700000,17456622,19279946,11567967,7711978,24342500,23565845,-1823324,On Budget,K Rao
FIN1066,PRJ089,2026,Oct,224700000,18131041,15823805,9494283,6329522,24342500,27043279,2307236,Over,R Singh
FIN1067,PRJ089,2026,Nov,224700000,19289575,19860446,11916267,7944178,24342500,25126364,-570871,Under,P Gupta
FIN1068,PRJ089,2026,Dec,224700000,19920965,17349230,10409538,6939692,24342500,20260169,2571735,Over,N Kumar
FIN1069,PRJ090,2026,Jan,8500000,651364,820403,492241,328161,920833,994692,-169039,On Budget,P Gupta
FIN1070,PRJ090,2026,Feb,8500000,693662,833789,500273,333515,920833,851687,-140127,Over,K Rao
FIN1071,PRJ090,2026,Mar,8500000,727649,773380,464028,309352,920833,1048480,-45731,Under,R Singh
FIN1072,PRJ090,2026,Apr,8500000,768061,784025,470415,313610,920833,820686,-15964,Under,K Rao
FIN1073,PRJ090,2026,May,8500000,661438,579266,347559,231706,920833,761465,82172,On Budget,R Singh
FIN1074,PRJ090,2026,Jun,8500000,730651,745383,447229,298153,920833,1056760,-14732,On Budget,N Kumar
FIN1075,PRJ090,2026,Jul,8500000,690534,777239,466343,310895,920833,716331,-86705,Under,V Mehta
FIN1076,PRJ090,2026,Aug,8500000,658738,802940,481764,321176,920833,752867,-144202,Over,R Singh
FIN1077,PRJ090,2026,Sep,8500000,665853,584983,350989,233993,920833,825448,80870,Over,V Mehta
FIN1078,PRJ090,2026,Oct,8500000,669751,668928,401356,267571,920833,935592,823,Under,K Rao
FIN1079,PRJ090,2026,Nov,8500000,648067,641128,384676,256451,920833,952169,6939,Under,A Sharma
FIN1080,PRJ090,2026,Dec,8500000,669762,769051,461430,307620,920833,718299,-99289,Over,N Kumar
FIN1081,PRJ091,2026,Jan,246300000,19403079,19884051,11930430,7953620,26682500,23454320,-480972,Over,M Patel
FIN1082,PRJ091,2026,Feb,246300000,22063395,17032178,10219306,6812871,26682500,25312750,5031217,Over,A Sharma
FIN1083,PRJ091,2026,Mar,246300000,21801633,23344467,14006680,9337786,26682500,28211199,-1542834,On Budget,V Mehta
FIN1084,PRJ091,2026,Apr,246300000,21277413,19224275,11534565,7689710,26682500,23635925,2053138,On Budget,S Verma
FIN1085,PRJ091,2026,May,246300000,22146003,17653387,10592032,7061354,26682500,27406787,4492616,Over,N Kumar
FIN1086,PRJ091,2026,Jun,246300000,20211178,20190349,12114209,8076139,26682500,27078855,20829,On Budget,S Verma
FIN1087,PRJ091,2026,Jul,246300000,21335048,17866908,10720144,7146763,26682500,20551672,3468140,Over,P Gupta
FIN1088,PRJ091,2026,Aug,246300000,22195717,24254854,14552912,9701941,26682500,24299082,-2059137,Under,A Sharma
FIN1089,PRJ091,2026,Sep,246300000,21475432,16847791,10108674,6739116,26682500,26133472,4627641,Under,M Patel
FIN1090,PRJ091,2026,Oct,246300000,22139101,23295808,13977484,9318323,26682500,30550152,-1156707,Under,K Rao
FIN1091,PRJ091,2026,Nov,246300000,19213253,17223194,10333916,6889277,26682500,25376459,1990059,Under,R Singh
FIN1092,PRJ091,2026,Dec,246300000,20148004,21406536,12843921,8562614,26682500,28638644,-1258532,Over,R Singh
FIN1093,PRJ092,2026,Jan,17400000,1581794,1340614,804368,536245,1885000,1805504,241180,Over,M Patel
FIN1094,PRJ092,2026,Feb,17400000,1396115,1470057,882034,588022,1885000,1906121,-73942,On Budget,N Kumar
FIN1095,PRJ092,2026,Mar,17400000,1454278,1359964,815978,543985,1885000,2162271,94314,Over,S Verma
FIN1096,PRJ092,2026,Apr,17400000,1469383,1695473,1017283,678189,1885000,1617711,-226090,On Budget,K Rao
FIN1097,PRJ092,2026,May,17400000,1561170,1618458,971074,647383,1885000,1822871,-57288,Over,K Rao
FIN1098,PRJ092,2026,Jun,17400000,1415552,1642710,985626,657084,1885000,2147658,-227158,Under,N Kumar
FIN1099,PRJ092,2026,Jul,17400000,1509093,1208859,725315,483543,1885000,2017655,300234,Over,N Kumar
FIN1100,PRJ092,2026,Aug,17400000,1502671,1527807,916684,611122,1885000,1465842,-25136,Over,N Kumar
FIN1101,PRJ092,2026,Sep,17400000,1479162,1203495,722097,481398,1885000,2144826,275667,On Budget,N Kumar
FIN1102,PRJ092,2026,Oct,17400000,1520558,1685339,1011203,674135,1885000,1525921,-164781,On Budget,R Singh
FIN1103,PRJ092,2026,Nov,17400000,1364255,1422936,853761,569174,1885000,1594369,-58681,Under,P Gupta
FIN1104,PRJ092,2026,Dec,17400000,1360460,1298684,779210,519473,1885000,1858814,61776,Under,A Sharma
FIN1105,PRJ093,2026,Jan,145000000,13149770,11878093,7126855,4751237,15708333,15438028,1271677,Over,V Mehta
FIN1106,PRJ093,2026,Feb,145000000,12696833,11674142,7004485,4669656,15708333,12830126,1022691,On Budget,V Mehta
FIN1107,PRJ093,2026,Mar,145000000,12673256,13656314,8193788,5462525,15708333,14242804,-983058,Over,V Mehta
FIN1108,PRJ093,2026,Apr,145000000,12485196,12006183,7203709,4802473,15708333,16593090,479013,On Budget,A Sharma
FIN1109,PRJ093,2026,May,145000000,11827065,10169558,6101734,4067823,15708333,13441031,1657507,On Budget,A Sharma
FIN1110,PRJ093,2026,Jun,145000000,11917781,14347548,8608528,5739019,15708333,16967183,-2429767,On Budget,N Kumar
FIN1111,PRJ093,2026,Jul,145000000,11540824,14018274,8410964,5607309,15708333,16253050,-2477450,On Budget,P Gupta
FIN1112,PRJ093,2026,Aug,145000000,11326738,9800612,5880367,3920244,15708333,16143871,1526126,On Budget,V Mehta
FIN1113,PRJ093,2026,Sep,145000000,13285873,12689627,7613776,5075850,15708333,13247483,596246,On Budget,V Mehta
FIN1114,PRJ093,2026,Oct,145000000,11962787,13664699,8198819,5465879,15708333,15350449,-1701912,On Budget,M Patel
FIN1115,PRJ093,2026,Nov,145000000,11215056,10349515,6209709,4139806,15708333,15315393,865541,On Budget,A Sharma
FIN1116,PRJ093,2026,Dec,145000000,12601293,13435169,8061101,5374067,15708333,17786749,-833876,Under,K Rao
FIN1117,PRJ094,2026,Jan,58100000,4726885,5691523,3414913,2276609,6294166,5141374,-964638,Over,K Rao
FIN1118,PRJ094,2026,Feb,58100000,4521754,5020808,3012484,2008323,6294166,5735263,-499054,Under,R Singh
FIN1119,PRJ094,2026,Mar,58100000,4453270,4837352,2902411,1934940,6294166,6755400,-384082,Under,A Sharma
FIN1120,PRJ094,2026,Apr,58100000,5076880,5451197,3270718,2180478,6294166,5233920,-374317,Over,A Sharma
FIN1121,PRJ094,2026,May,58100000,4475049,4251220,2550732,1700488,6294166,6011822,223829,Under,S Verma
FIN1122,PRJ094,2026,Jun,58100000,5122398,4663049,2797829,1865219,6294166,6196418,459349,Over,A Sharma
FIN1123,PRJ094,2026,Jul,58100000,4853186,4550022,2730013,1820008,6294166,5802446,303164,Over,P Gupta
FIN1124,PRJ094,2026,Aug,58100000,4611024,5124605,3074763,2049842,6294166,5580469,-513581,Under,N Kumar
FIN1125,PRJ094,2026,Sep,58100000,4475602,4633888,2780332,1853555,6294166,5905279,-158286,Under,A Sharma
FIN1126,PRJ094,2026,Oct,58100000,5253456,4947512,2968507,1979004,6294166,4912148,305944,Under,K Rao
FIN1127,PRJ094,2026,Nov,58100000,4362795,3922966,2353779,1569186,6294166,5962650,439829,Over,A Sharma
FIN1128,PRJ094,2026,Dec,58100000,4764382,4177591,2506554,1671036,6294166,6561947,586791,Under,P Gupta
FIN1129,PRJ095,2026,Jan,113900000,10318176,10963993,6578395,4385597,12339166,11779383,-645817,Over,S Verma
FIN1130,PRJ095,2026,Feb,113900000,9532818,8750009,5250005,3500003,12339166,12764349,782809,Over,P Gupta
FIN1131,PRJ095,2026,Mar,113900000,9034248,9780157,5868094,3912062,12339166,10391828,-745909,Under,S Verma
FIN1132,PRJ095,2026,Apr,113900000,8969985,10439135,6263481,4175654,12339166,11167150,-1469150,Under,R Singh
FIN1133,PRJ095,2026,May,113900000,8648651,8515020,5109012,3406008,12339166,9981138,133631,On Budget,R Singh
FIN1134,PRJ095,2026,Jun,113900000,10418805,11155631,6693378,4462252,12339166,12966532,-736826,On Budget,P Gupta
FIN1135,PRJ095,2026,Jul,113900000,9010636,9848328,5908996,3939331,12339166,10294498,-837692,Over,M Patel
FIN1136,PRJ095,2026,Aug,113900000,9647672,9184425,5510655,3673770,12339166,9842986,463247,Over,P Gupta
FIN1137,PRJ095,2026,Sep,113900000,8582999,9582529,5749517,3833011,12339166,13485124,-999530,Over,N Kumar
FIN1138,PRJ095,2026,Oct,113900000,8853836,10082408,6049444,4032963,12339166,13434195,-1228572,Under,A Sharma
FIN1139,PRJ095,2026,Nov,113900000,9775817,9375212,5625127,3750084,12339166,10283768,400605,Over,S Verma
FIN1140,PRJ095,2026,Dec,113900000,10410572,8406082,5043649,3362432,12339166,10719444,2004490,On Budget,M Patel
FIN1141,PRJ096,2026,Jan,20600000,1730974,1498098,898858,599239,2231666,2078727,232876,Over,R Singh
FIN1142,PRJ096,2026,Feb,20600000,1547990,1453190,871914,581276,2231666,2160874,94800,On Budget,S Verma
FIN1143,PRJ096,2026,Mar,20600000,1617164,1763001,1057800,705200,2231666,1822433,-145837,On Budget,N Kumar
FIN1144,PRJ096,2026,Apr,20600000,1805265,1714853,1028911,685941,2231666,2114656,90412,Under,S Verma
FIN1145,PRJ096,2026,May,20600000,1580844,1661168,996700,664467,2231666,2122127,-80324,On Budget,N Kumar
FIN1146,PRJ096,2026,Jun,20600000,1561195,1900754,1140452,760301,2231666,2091540,-339559,Under,A Sharma
FIN1147,PRJ096,2026,Jul,20600000,1765043,2016372,1209823,806548,2231666,2507863,-251329,Under,N Kumar
FIN1148,PRJ096,2026,Aug,20600000,1747261,1809306,1085583,723722,2231666,2379194,-62045,On Budget,V Mehta
FIN1149,PRJ096,2026,Sep,20600000,1729367,1836145,1101687,734458,2231666,1995149,-106778,Under,S Verma
FIN1150,PRJ096,2026,Oct,20600000,1875661,1977897,1186738,791158,2231666,1992616,-102236,On Budget,M Patel
FIN1151,PRJ096,2026,Nov,20600000,1667477,1667249,1000349,666899,2231666,1742781,228,Under,M Patel
FIN1152,PRJ096,2026,Dec,20600000,1830900,1926200,1155720,770480,2231666,2382767,-95300,Over,A Sharma
FIN1153,PRJ097,2026,Jan,112300000,9014156,10558058,6334834,4223223,12165833,11913412,-1543902,Over,M Patel
FIN1154,PRJ097,2026,Feb,112300000,9218911,11112280,6667368,4444912,12165833,13670288,-1893369,Over,K Rao
FIN1155,PRJ097,2026,Mar,112300000,9170024,9158398,5495038,3663359,12165833,9989569,11626,On Budget,S Verma
FIN1156,PRJ097,2026,Apr,112300000,9799338,7490880,4494528,2996352,12165833,11215433,2308458,Over,S Verma
FIN1157,PRJ097,2026,May,112300000,10258756,10459529,6275717,4183811,12165833,11199427,-200773,Over,N Kumar
FIN1158,PRJ097,2026,Jun,112300000,9964540,9032812,5419687,3613124,12165833,9773413,931728,Over,V Mehta
FIN1159,PRJ097,2026,Jul,112300000,9272876,8015613,4809367,3206245,12165833,9701089,1257263,Under,S Verma
FIN1160,PRJ097,2026,Aug,112300000,9626301,9642925,5785755,3857170,12165833,12059708,-16624,Under,P Gupta
FIN1161,PRJ097,2026,Sep,112300000,9588875,8161484,4896890,3264593,12165833,13077865,1427391,Under,K Rao
FIN1162,PRJ097,2026,Oct,112300000,9040146,7910380,4746228,3164152,12165833,12872621,1129766,Over,V Mehta
FIN1163,PRJ097,2026,Nov,112300000,10112929,10148244,6088946,4059297,12165833,13863391,-35315,On Budget,N Kumar
FIN1164,PRJ097,2026,Dec,112300000,9026944,10119449,6071669,4047779,12165833,13229364,-1092505,Under,A Sharma
FIN1165,PRJ098,2026,Jan,171200000,13550536,16359993,9815995,6543997,18546666,16515532,-2809457,Over,V Mehta
FIN1166,PRJ098,2026,Feb,171200000,13168980,14010739,8406443,5604295,18546666,20703433,-841759,On Budget,V Mehta
FIN1167,PRJ098,2026,Mar,171200000,13272246,14913076,8947845,5965230,18546666,17554343,-1640830,Under,P Gupta
FIN1168,PRJ098,2026,Apr,171200000,14689145,12538607,7523164,5015442,18546666,17452693,2150538,Over,K Rao
FIN1169,PRJ098,2026,May,171200000,14921671,12727255,7636353,5090902,18546666,18067151,2194416,On Budget,N Kumar
FIN1170,PRJ098,2026,Jun,171200000,13283501,12380619,7428371,4952247,18546666,19767197,902882,Over,R Singh
FIN1171,PRJ098,2026,Jul,171200000,14961133,15383198,9229918,6153279,18546666,14366252,-422065,Under,P Gupta
FIN1172,PRJ098,2026,Aug,171200000,12916974,13822706,8293623,5529082,18546666,14480382,-905732,Over,V Mehta
FIN1173,PRJ098,2026,Sep,171200000,14850457,12733097,7639858,5093238,18546666,15500903,2117360,Under,V Mehta
FIN1174,PRJ098,2026,Oct,171200000,14658485,11690003,7014001,4676001,18546666,15028995,2968482,Under,K Rao
FIN1175,PRJ098,2026,Nov,171200000,14178097,14095069,8457041,5638027,18546666,14277712,83028,Over,N Kumar
FIN1176,PRJ098,2026,Dec,171200000,13904918,11807206,7084323,4722882,18546666,14334326,2097712,On Budget,P Gupta
FIN1177,PRJ099,2026,Jan,214100000,18819567,20896194,12537716,8358477,23194166,26016758,-2076627,Under,A Sharma
FIN1178,PRJ099,2026,Feb,214100000,18128612,14996142,8997685,5998456,23194166,20192208,3132470,Over,N Kumar
FIN1179,PRJ099,2026,Mar,214100000,18414744,14749476,8849685,5899790,23194166,22327961,3665268,Under,A Sharma
FIN1180,PRJ099,2026,Apr,214100000,16487605,21253824,12752294,8501529,23194166,21506923,-4766219,Under,N Kumar
FIN1181,PRJ099,2026,May,214100000,19254795,19559590,11735754,7823836,23194166,25006303,-304795,On Budget,S Verma
FIN1182,PRJ099,2026,Jun,214100000,16415882,18651268,11190760,7460507,23194166,26502192,-2235386,Over,R Singh
FIN1183,PRJ099,2026,Jul,214100000,17607277,17029031,10217418,6811612,23194166,19046938,578246,Under,A Sharma
FIN1184,PRJ099,2026,Aug,214100000,17337924,20767511,12460506,8307004,23194166,20142781,-3429587,On Budget,K Rao
FIN1185,PRJ099,2026,Sep,214100000,18570663,19591154,11754692,7836461,23194166,21727962,-1020491,Under,M Patel
FIN1186,PRJ099,2026,Oct,214100000,18438232,20072031,12043218,8028812,23194166,23725174,-1633799,On Budget,V Mehta
FIN1187,PRJ099,2026,Nov,214100000,19144532,18445243,11067145,7378097,23194166,26676220,699289,Under,N Kumar
FIN1188,PRJ099,2026,Dec,214100000,16728319,18099947,10859968,7239978,23194166,22376753,-1371628,On Budget,V Mehta
FIN1189,PRJ100,2026,Jan,214600000,18056243,18423775,11054265,7369510,23248333,26459835,-367532,Over,K Rao
FIN1190,PRJ100,2026,Feb,214600000,16777088,15237307,9142384,6094922,23248333,19086367,1539781,Under,N Kumar
FIN1191,PRJ100,2026,Mar,214600000,16558702,18270718,10962430,7308287,23248333,19823460,-1712016,Under,V Mehta
FIN1192,PRJ100,2026,Apr,214600000,18600755,17423698,10454218,6969479,23248333,19434383,1177057,Under,K Rao
FIN1193,PRJ100,2026,May,214600000,18582329,19131194,11478716,7652477,23248333,23456906,-548865,Under,V Mehta
FIN1194,PRJ100,2026,Jun,214600000,19030025,18537138,11122282,7414855,23248333,22380639,492887,On Budget,V Mehta
FIN1195,PRJ100,2026,Jul,214600000,19629982,15603473,9362083,6241389,23248333,18372825,4026509,On Budget,V Mehta
FIN1196,PRJ100,2026,Aug,214600000,19104107,15332535,9199521,6133014,23248333,23834073,3771572,Over,K Rao
FIN1197,PRJ100,2026,Sep,214600000,17290521,18978699,11387219,7591479,23248333,21924054,-1688178,Over,A Sharma
FIN1198,PRJ100,2026,Oct,214600000,16705163,20364845,12218907,8145938,23248333,19196774,-3659682,Under,S Verma
FIN1199,PRJ100,2026,Nov,214600000,18406886,15841781,9505068,6336712,23248333,25437077,2565105,Under,R Singh
FIN1200,PRJ100,2026,Dec,214600000,16255969,15810675,9486405,6324270,23248333,22135057,445294,Over,A Sharma
